framework,path,commits_ahead
spring,ShayRomayo/tut-rest,10
spring,jayy-lmao/tut-rest,2
spring,imshabbirali/tut-rest,3
spring,artisancreek/tut-rest,3
spring,mlvandijk/tut-rest,1
spring,lsegala/bankslips,14
spring,EvgeniiaVak/tut-bookmarks,3
spring,RavisankarCts/tut-bookmarks,2
spring,yefengchun/tut-bookmarks,1
spring,narraboss/tut-bookmarks,2
spring,xiangdewei/tut-bookmarks,1
spring,Srini4u/tut-bookmarks,2
spring,davidmeredith/tut-bookmarks,1
spring,tuhinkanti/tut-bookmarks,2
spring,piotrlochowski/academy-rest-maturity,20
spring,making/tut-bookmarks,2
spring,acemoo/gs-vault-config,1
spring,ashoklighthouse/gs-spring-boot,2
spring,diegit/gs-spring-boot,2
spring,vjytraining/gs-spring-boot,11
spring,tommycwu/okta-authn-java,1
spring,pinaki1234/gs-spring-boot,17
spring,srivatsansk/gs-spring-boot,2
spring,hoang0310/gs-spring-boot,3
spring,fake-deli-ca/gs-spring-boot,13
spring,vishalsinghdev/gs-spring-boot,12
spring,hoyikwan/gs-spring-boot,1
spring,raackley/gs-spring-boot,6
spring,a998766543321/gs-spring-boot,46
spring,Erth616/gs-spring-boot,1
spring,alterEgo123/gs-spring-boot,3
spring,colbydh/gs-spring-boot,5
spring,vkaruna007/gs-spring-boot,2
spring,Helian2s/gs-spring-boot,1
spring,hrmk2/gs-spring-boot,2
spring,djptek/gs-spring-boot,7
spring,malon875875/gs-spring-boot,1
spring,OksiBlack/gs-spring-boot,1
spring,mpsreelal/gs-spring-boot,2
spring,EwenBara/gs-spring-boot,48
spring,danielrmartin/gs-spring-boot,23
spring,alphabetagamma101/gs-spring-boot,1
spring,FRGSRA/gs-spring-boot,8
spring,mr-1g0r/gs-spring-boot-original,7
spring,ericfab-amzn/gs-spring-boot,23
spring,csiteric/gs-spring-boot,1
spring,mukeshupreti2006/gs-spring-boot,1
spring,hraffaele/gs-spring-boot,2
spring,pratapsarkar1/gs-spring-boot,22
spring,sergiovlvitorino/gs-spring-boot,1
spring,ericjaystevens/gs-spring-boot,36
spring,saichandmanthena/gs-spring-boot,1
spring,vineettrivedi/gs-spring-boot,29
spring,sjung7674/gs-spring-boot,8
spring,Melvina-Raj/gs-spring-boot,1
spring,manuelkasiske4idealo/gs-spring-boot,8
spring,sanbrar/gs-spring-boot,28
spring,dosborne118/gs-spring-boot,1
spring,cybodelic/gs-spring-boot,1
spring,aironprez/gs-spring-boot,1
spring,basantchoudhary2022/gs-spring-boot,3
spring,jackkoppa/gs-spring-boot,12
spring,deemwar/gs-spring-boot,5
spring,TheKoguryo/gs-spring-boot,6
spring,heyitstanyado/gs-spring-boot,5
spring,rho6019/gs-spring-boot,2
spring,szaghdoudi/gs-spring-boot,6
spring,jacobDinesenWork/gs-spring-boot,1
spring,szaghdoudiStudent/gs-spring-boot,1
spring,bizm/gs-spring-boot,2
spring,CaliBitcoins/gs-spring-boot,1
spring,mlennard-utn/gs-spring-boot,1
spring,grussoh/gs-spring-boot,3
spring,rajeevsh990/gs-spring-boot,3
spring,jweihsz/gs-spring-boot,3
spring,Krishna1609/gs-spring-boot,3
spring,tomturnerdesign/gs-spring-boot,12
spring,nachofree/gs-spring-boot,6
spring,garcimouche/gs-spring-boot,3
spring,ronriley/gs-spring-boot,1
spring,agboolas-basic/gs-spring-boot,1
spring,chris-tn/gs-spring-boot,33
spring,mgfink/gs-spring-boot,1
spring,sandeepjindal81/gs-spring-boot,2
spring,ssarwa/gs-spring-boot,16
spring,matmaca/gs-spring-boot,3
spring,goprasad/gs-spring-boot,4
spring,soft-techP/gs-spring-boot,1
spring,wsc9108/gs-spring-boot,11
spring,imjayson/gs-spring-boot,2
spring,emdollete/gs-spring-boot,8
spring,jkarethiya/gs-spring-boot,14
spring,cjshaw1218/gs-spring-boot,1
spring,kvalchev/gs-spring-boot,2
spring,borg-land/gs-spring-boot,3
spring,rozbeste/gs-spring-boot,2
spring,sumeetmallick/gs-spring-boot,3
spring,shinecanvas/gs-spring-boot,5
spring,dimjost/gs-spring-boot,1
spring,sjegannathansdge/gs-spring-boot,1
spring,robertol18/gs-spring-boot,3
spring,feiyunzhou/gs-spring-boot,37
spring,practischool/gs-spring-boot,1
spring,challa-harish/gs-spring-boot,28
spring,chanasmi6/gs-spring-boot,1
spring,RedChou0410/gs-spring-boot,26
spring,chaitanyakette/gs-spring-boot,22
spring,potatofamilies/gs-spring-boot,4
spring,surite/gs-spring-boot,15
spring,MaciejPrzybylo/gs-spring-boot,1
spring,Alangulo/gs-spring-boot,13
spring,rromanotero/gs-spring-boot,4
spring,rrpradip/gs-spring-boot,6
spring,yukibuwana/gs-spring-boot,3
spring,devandsecops/gs-spring-boot,1
spring,tarrantrj/gs-spring-boot,2
spring,kuangjz/gs-spring-boot,1
spring,Sudhakarch99/gs-spring-boot,1
spring,publicntu2583/gs-spring-boot,2
spring,seccodingguy/gs-spring-boot,2
spring,dgunawan/gs-spring-boot,10
spring,johannpickard/gs-spring-boot,2
spring,N-Usha/gs-spring-boot,15
spring,TomArcher/gs-spring-boot,2
spring,testpodgit7/gs-spring-boot,3
spring,HoussemDellai/gs-spring-boot,30
spring,Lampei/gs-spring-boot,3
spring,liandongfu/gs-spring-boot,4
spring,kimsejun2000/gs-spring-boot,7
spring,arsalankhatri/gs-spring-boot,13
spring,fluescher/gs-spring-boot,17
spring,tdtrung17693/gs-spring-boot,8
spring,jbarry1506/gs-spring-boot,10
spring,mheck/gs-spring-boot,7
spring,metnetwork/gs-spring-boot,2
spring,AlexTugarev/gs-spring-boot,2
spring,smishr04/gs-spring-boot,41
spring,juanricardoherrera/gs-spring-boot,1
spring,kajamhercules/gs-spring-boot,33
spring,Wreckergibb/gs-spring-boot,11
spring,tarasdidyk/gs-spring-boot,4
spring,meysholdt/gs-spring-boot,1
spring,iwasahorse/gs-spring-boot,4
spring,pjsvis/gs-spring-boot,3
spring,dlhansford/gs-spring-boot,2
spring,kaveckamaria/gs-spring-boot,1
spring,Rajeshmohanty23/gs-spring-boot,7
spring,robert-marriott/gs-spring-boot,1
spring,vinod-donthi-jdas/gs-spring-boot,14
spring,Pucster/gs-spring-boot,16
spring,albertolop85/gs-spring-boot,15
spring,panpan0000/gs-spring-boot,2
spring,premroxx/gs-spring-boot,11
spring,tomascgithub/gs-spring-boot,1
spring,mar0x/gs-spring-boot,1
spring,meysholdt-dummy/gs-spring-boot,1
spring,parkar1901/gs-spring-boot,1
spring,Gerb81/gs-spring-boot,1
spring,madamvenkateswarlu/gs-spring-boot,2
spring,MrBRUE/gs-spring-boot,2
spring,factorypreset/gs-spring-boot,1
spring,DaraOladapo/gs-spring-boot,6
spring,leaqui/gs-spring-boot,12
spring,welshstew/gs-spring-boot,1
spring,PaulHaldane/gs-spring-boot,11
spring,AssurBox/Demo-Java-Api-Client,1
spring,k504866430/gs-spring-boot,1
spring,fabiocsantana/gs-spring-boot,2
spring,vighneshpai-yml/gs-spring-boot,6
spring,ausarb/gs-spring-boot,7
spring,MohsenMahdieh/gs-spring-boot,5
spring,stuartharper/gs-spring-boot,5
spring,neocyber/gs-spring-boot,2
spring,bleemus/gs-spring-boot,1
spring,frizio/gs-spring-boot,2
spring,joelw/gs-spring-boot,1
spring,huizhang72/gs-spring-boot,1
spring,gitpod-io/gs-spring-boot,4
spring,manjunaths069/gs-spring-boot,1
spring,rrosa-aurea/gs-spring-boot,9
spring,ankurshukla80/gs-spring-boot,1
spring,daliange/gs-spring-boot,1
spring,vitprakhar/gs-spring-boot,1
spring,wanghbxxxx/gs-spring-boot,1
spring,NJeb/gs-spring-boot,1
spring,Doug-Reed/roulette,6
spring,chrishowejones/gs-spring-boot,2
spring,hongjsk/gs-spring-boot,3
spring,kieranrimmer/gs-spring-boot,33
spring,danilomendes12/gs-spring-boot,4
spring,YongjieYang-YY/gs-spring-boot,1
spring,cbaueratwork/gs-spring-boot,3
spring,ramisra/gs-spring-boot,1
spring,heowc/gs-spring-boot,1
spring,gaplo917/gs-spring-boot,1
spring,chivagarg/gs-spring-boot,1
spring,startcode/gs-spring-boot,1
spring,titi2244/gs-spring-boot,1
spring,wphokomp/gs-spring-boot,2
spring,ArieShout/gs-spring-boot,1
spring,kanaparthikiran/spring-boot-hello-world-postgres,3
spring,binbinning/gs-spring-boot,2
spring,ramimmadi/gs-spring-boot,1
spring,wubin28/gs-spring-boot,1
spring,gt-sun/gs-spring-boot,6
spring,mlvandijk/gs-spring-boot,1
spring,suhuruli/gs-spring-boot,3
spring,tflander/gs-spring-boot,3
spring,pskwiercz/gs-spring-boot,2
spring,btisdall/gs-spring-boot,3
spring,andreasmihm/spring-boot-on-azure,2
spring,kevinfealey/gs-spring-boot,1
spring,himanshumps/gs-spring-boot,12
spring,microsoft/gs-spring-boot,3
spring,abdoo/gs-spring-boot,1
spring,xscript/gs-spring-boot,2
spring,brooklyyounce/gs-spring-boot,50
spring,julianwki/spring-boot-hello-world-postgres,1
spring,jwsliu/gs-spring-boot,1
spring,mrleftorg/gs-spring-boot,1
spring,bendalby82/gs-spring-boot,1
spring,MarcinMilewski/gs-spring-boot,9
spring,dsharew/gs-spring-boot,5
spring,lightgao/gs-spring-boot,12
spring,emra700/gs-spring-boot,8
spring,UmarHussain/gs-spring-boot,1
spring,StringerJavaObfuscator/gs-spring-boot,13
spring,adgonz90/gs-spring-boot,9
spring,vkuptcov/gs-spring-boot,1
spring,raokarthik74/Ride-sharing_Auction-based-Approach,1
spring,spring-thunder/skeleton-service,2
spring,akhaldi94/tx1,20
spring,jfsc/gs-spring-boot,2
spring,cynic89/gs-spring-boot,12
spring,billmoling/gs-spring-boot,4
spring,pkenguva/gs-spring-boot,1
spring,lsqaisen/gs-spring-boot,8
spring,godisren/gs-spring-boot,2
spring,ozoli/gs-spring-boot,1
spring,xtreme-sameer-vohra/gs-spring-boot,5
spring,agbpatro/geospatial587,94
spring,kapilkshemkalyani/gs-spring-boot,6
spring,marcelib/gs-spring-boot,1
spring,luzma87/gs-spring-boot,2
spring,amirfried/gs-spring-boot,1
spring,pvtl-shane/gs-spring-boot,10
spring,jiming/gs-spring-boot,1
spring,nsdiv/gs-spring-boot,3
spring,tom-collings/gs-spring-boot,1
spring,thaithien/gs-spring-boot,1
spring,boysbee/gs-spring-boot,4
spring,edunning/java-code-example,3
spring,EricGuilherme/gs-spring-boot,2
spring,harisankars/gs-spring-boot,4
spring,lalithvaka/gs-spring-boot,1
spring,Sheparzo/gs-spring-boot,5
spring,pollseed/gs-spring-boot,3
spring,pcholakov/docker-spring-boot-primer,2
spring,arkenoid/gs-spring-boot,1
spring,asseco-tech/gs-rest-service,7
spring,crossz/gs-rest-service,14
spring,Amiit006/gs-rest-service,2
spring,phillipsk/gs-rest-service,4
spring,griffincollege/openshift-springboot-rest-service,17
spring,Dat19v2/gs-rest-service,2
spring,arun1684/gs-rest-service,5
spring,aeomhs/tl-rest-service,2
spring,microsoftgraph/java-spring-webhooks-sample,31
spring,khaibarsofyan/gs-rest-service,1
spring,oliversavio/gs-rest-service,2
spring,zorck97/devsecops-pipeline,15
spring,jesushdm/gs-rest-service,4
spring,Sukumu/gs-rest-service,5
spring,ryuutamaehara/gs-rest-service,2
spring,veronx/gs-rest-service,2
spring,josueCERT/gs-rest-service,57
spring,sergiovlvitorino/gs-rest-service,1
spring,varungudisena123/gs-rest-service,1
spring,mesutcelik/gs-rest-service,2
spring,britzke/gs-rest-service,13
spring,shangcg/gs-rest-service,1
spring,YangtaoGe518/gs-rest-service,3
spring,JyTosTT/gs-rest-service,1
spring,sg4j/springboot-restservice-h2-docker,8
spring,mlennard-utn/todoweb-rest-service,4
spring,MillsProvosty/gs-rest-service,2
spring,irwimscott/gs-rest-service,48
spring,KaranKhirsariya/gs-rest-service,1
spring,MRentka/gs-rest-service,1
spring,sbanerje/gs-rest-service,2
spring,anchou-bockhorn/gs-rest-service,1
spring,fwullschleger/gs-rest-service,1
spring,zang3tsu/gs-rest-service,1
spring,itnnt/gs-rest-service,1
spring,aditobias/gs-rest-service,4
spring,lorenly/gs-rest-service,3
spring,delatma/gs-rest-service,3
spring,bryanKoKoBop/gs-rest-service,1
spring,cruztr/gs-rest-service-1,1
spring,kengarcia96/gs-rest-service,3
spring,pastema/gs-rest-service,1
spring,medingr/gs-rest-service,3
spring,nicolch09/gs-rest-service,1
spring,Chulowee/gs-rest-service,3
spring,aaronlagdameo/gs-rest-service,1
spring,zukifujita/gs-rest-service,2
spring,genrev09/gs-rest-service,3
spring,gonzach/gs-rest-service,1
spring,danluigitating/gs-rest-service,1
spring,Nanaki92/gs-rest-service,1
spring,yocodigo/gs-rest-service,1
spring,ITA-Manila-Lansaro/gs-rest-service,2
spring,kensevilla/gs-rest-service,1
spring,mikecrophones07/gs-rest-service,1
spring,mannellai/gs-rest-service,7
spring,JWThewes/gs-rest-service,1
spring,danielinclouds/gs-rest-service,1
spring,pradyk/gs-rest-service,1
spring,credit2go/gs-rest-service,3
spring,senthilrch/gs-rest-service,3
spring,muaz-git/gs-rest-service,13
spring,hardyansein/gs-rest-service,5
spring,nemo-mona/gs-rest-service,2
spring,nuage0010/gs-rest-service,3
spring,chenhengjie123/gs-rest-service,1
spring,fenago/lv-rest-service,2
spring,vinoth-kumar-k/gs-rest-service,2
spring,ysfAskri/gs-rest-service,3
spring,zzl163/gs-rest-service,1
spring,Beat2BeatMatias/gs-rest-service,1
spring,yilinglu/gs-rest-service,8
spring,aubie96/gs-rest-service,3
spring,slamkalukas/gs-rest-service,1
spring,timtsj/gs-rest-service,1
spring,hvhilton/gs-rest-service,2
spring,keeslouwen/gs-rest-service,5
spring,cookcodeblog/gs-rest-service,2
spring,danvitoriano/gs-rest-service,1
spring,Lorsen/gs-rest-service,3
spring,jmsuzuki/gs-rest-service,4
spring,yingjiezhong/gs-rest-service,4
spring,marcoespinoz/gs-rest-service,33
spring,JCL38-ORANGE/gs-rest-service,1
spring,mfiume/ga4gh-discovery-search-service,4
spring,lchhung/gs-rest-service,1
spring,czhifa/gs-rest-service,2
spring,Tr4pSt3R/gs-rest-service,1
spring,cognizant-siz/gs-rest-service,4
spring,prasaddongrekar/gs-rest-service,5
spring,watabean/gs-rest-service,3
spring,CassandraGoose/gs-rest-service,1
spring,bingli7/gs-rest-service,1
spring,AravindaAN/gs-rest-service,1
spring,haohaogit/gs-rest-service,13
spring,toddp/gs-rest-service,1
spring,passadoreg/gs-rest-service,2
spring,pritamjadhav18/gs-rest-service,4
spring,conodelia/gs-rest-service,16
spring,cheunal/gs-rest-service,1
spring,aesops0124/gs-rest-service,1
spring,yipchingwan/gs-rest-service,1
spring,JackyLeungOOCL/gs-rest-service,6
spring,moniv3v/gs-rest-service,1
spring,hei12011996/gs-rest-service,3
spring,rexlo317/gs-rest-service,2
spring,ikersuen/gs-rest-service,1
spring,EddieFong/gs-rest-service,5
spring,Venicelam/gs-rest-service,3
spring,mohonsing113/gs-rest-service,3
spring,lessarderic/gs-rest-service,2
spring,michaelryanmcneill/gs-rest-service,1
spring,sreenikompelli/gs-rest-service,1
spring,rmaynar/gs-rest-service,3
spring,mamazola/gs-rest-service,3
spring,jskomurski/gs-rest-service,14
spring,Dushyant-davv/gs-rest-service,2
spring,aivong/gs-rest-service,2
spring,deejmore/gs-rest-service,1
spring,rogersnm/gs-rest-service,7
spring,LarryZhangy/gs-rest-service,10
spring,elsoft74/gs-rest-service,2
spring,zmdeluyas/gs-rest-service,2
spring,darkchoco/gs-rest-service,10
spring,ibuziuk/gs-rest-service,3
spring,amitdhallBD/gs-rest-service,3
spring,fabiocsantana/gs-rest-service,3
spring,elonderin/springfox-swagger2-bug-xmlrootelement,2
spring,terence-taih/spring,42
spring,ichiranakita/gs-rest-service,2
spring,guozheng/gs-rest-service,2
spring,Tuong-Nguyen/gs-rest-service,6
spring,mosorno91/gs-rest-service,1
spring,dreamerisdoer/gs-rest-service,1
spring,veead/gs-rest-service,1
spring,senseijames/gs-rest-service,6
spring,frizio/gs-rest-service,3
spring,springdev-guides/gs-rest-service,3
spring,ubrals/gs-rest-service,1
spring,CarGod/gs-rest-service,1
spring,pedroarapua/gs-rest-service,1
spring,zyjibmcn/gs-rest-service,1
spring,yhkwok/gs-rest-service,1
spring,lapkritinis/gs-rest-service,1
spring,airvin/gs-rest-service,2
spring,rasenderhase/gs-rest-service,1
spring,iam-pawat/gs-rest-service,3
spring,Allysquad/gs-rest-service,2
spring,YongjieYang-YY/gs-rest-service,1
spring,mohitgargk/gs-rest-service,18
spring,patglavin/gs-rest-service,4
spring,crodriguezibm/gs-rest-service,1
spring,gaurav14u/gs-rest-service,1
spring,startcode/gs-rest-service,1
spring,chivagarg/gs-rest-service,3
spring,Drive2018/gs-rest-service,4
spring,rrezel/gs-rest-service,5
spring,hromau/gs-rest-service,7
spring,binbinning/gs-rest-service,1
spring,henrybell/gs-rest-service,2
spring,fdm17/gs-rest-service,1
spring,purlwise/gs-rest-service,1
spring,lawenliu/gs-rest-service,4
spring,nathenharvey/gs-rest-service,12
spring,Basgolfer/gs-rest-service,1
spring,owen198/ei-paas-java-example,15
spring,salvastorie/gs-rest-service,1
spring,jessetaylormt/gs-rest-service,3
spring,qijunbo/gs-rest-service,2
spring,alexashley/gs-rest-service,2
spring,yohoho-ua/gs-rest-service,1
spring,salkamosesdbrma/gs-rest-service,1
spring,pskwiercz/gs-rest-service,1
spring,thepinkgeek/gs-rest-service,5
spring,mycartracks/commute-assist,21
spring,sweIhm/gs-rest-service,3
spring,AlexChambers/gs-rest-service,9
spring,InbalAbraham/bookshop-rest-example,5
spring,windwaker/gs-rest-service,4
spring,mchernyavskaya/gs-rest-service,3
spring,Alberthoven/gs-rest-service,1
spring,jogjayr/gs-rest-service,1
spring,JonathanLalou/fake-zinc,51
spring,dudash/openshiftexamples-springbootrestservice,14
spring,lateronefall/gs-rest-service,3
spring,creed30/gs-rest-service,3
spring,austinkemper/gs-rest-service,1
spring,laura310/gs-rest-service,1
spring,periket2000/gs-rest-service,1
spring,rselimi/gs-rest-service,4
spring,SreekanthRamesh/gs-rest-service,3
spring,RaphaelHerd/gs-rest-service,34
spring,Gh0st99/gs-rest-service,1
spring,mroger/gs-rest-service,2
spring,venosov/gs-rest-service,11
spring,yusong-shen/gs-rest-service,4
spring,NithyaNingegowda/gs-rest-service,1
spring,marconiero/gs-rest-service,5
spring,syandi/gs-rest-service,1
spring,ZhenyingZhu/gs-rest-service,1
spring,fabianlee/gs-rest-service,2
spring,pbear89/gs-rest-service,3
spring,srang/gs-rest-service,1
spring,paprickar/gs-rest-service,2
spring,yolgun/gs-rest-service,1
spring,Lycine/gs-rest-service,1
spring,Real-Currents/spring-rest,3
spring,Liuxboy/gs-rest-service,2
spring,haokanga/gs-rest-service,3
spring,kolisko/gs-rest-service,1
spring,harshamadala/gs-rest-service,4
spring,sanchagrins/gs-rest-service,1
spring,lfany/gs-rest-service,3
spring,tridlh/gs-rest-service,1
spring,caballerojavier13/gs-rest-service,5
spring,gcontiu/gs-rest-service,1
spring,apprenda/gs-rest-service,18
spring,marcelmartinelli/gs-rest-service,2
spring,roboticLuddite/gs-rest-service,4
spring,Aravindpogu/gs-rest-service,5
spring,sheltowt/gs-rest-service,3
spring,ak-altkom/gs-rest-service,5
spring,cameronlocke/gs-rest-service,1
spring,mattydry/gs-rest-service,1
spring,silkysoul7/gs-rest-service,1
spring,masabunchor/gs-rest-service,2
spring,tsuda7/gs-rest-service,4
spring,binhvu7/gs-rest-service,2
spring,tomtclai/gs-rest-service,3
spring,crackerplace/gs-rest-service,2
spring,asgheralishaik/gs-rest-service,1
spring,thoraxe/gs-rest-service,1
spring,flowforever/gs-rest-service,9
spring,danielkec/embedit-spring-rest-doc-demo,3
spring,jmbrunskill/test-rest-service,8
spring,dpsvikas/gs-rest-service,1
spring,tjuchniewicz/gs-rest-service,12
spring,clmbng/loc-rest-service,3
spring,Irodium/gs-rest-service,2
spring,chubinzheng/gs-rest-service,1
spring,LokeshaThimmegowda/gs-rest-service,2
spring,dnlsharf/gs-rest-service,1
spring,richardsonjm/gs-rest-service,4
spring,aclement/gs-rest-service,1
spring,reversemind/gs-rest-service,5
spring,kilnamkim/gs-rest-service,2
spring,uncategorized-playground/gs-rest-service,12
spring,trycatcher/gs-rest-service-with-docker,1
spring,cnuss/greeting-service,31
spring,sergey-berezhnoy/gs-rest-service,1
spring,M-Kurek/gs-rest-service,1
spring,tempest200903/gs-rest-service,1
spring,cruiser/gs-rest-service,2
spring,seshnagineni/gs-rest-service,2
spring,tuxmonteiro/gs-rest-service,1
spring,ricardobaumann/gs-rest-service,2
spring,inakigarcia/gs-rest-service,2
spring,MarsYoung/gs-rest-service,3
spring,royling/gs-rest-service,1
spring,LucaFilippone/gs-rest-service,1
spring,hwy1782/gs-rest-service,9
spring,jason2004/gs-rest-service,4
spring,haru01/gs-rest-service,1
spring,iqequal0/gs-rest-service,1
spring,pushpendra-jaiswal/gs-rest-service,1
spring,zangsir/gs-rest-service,1
spring,jason0037/gs-rest-service,7
spring,pouyacmpe273/gs-rest-service,7
spring,bobbylough/gs-rest-service,1
spring,arkenoid/gs-rest-service,1
spring,chfania/gs-rest-service,1
spring,3rcok/gs-rest-service,1
spring,BupycHuk/gs-rest-service,1
spring,yaya5508190/gs-rest-service,3
spring,chathameed/gs-spring-boot-docker,3
spring,jatorcal-excibit/gs-spring-boot-docker_OLD,5
spring,IndraniDey1/gs-spring-boot-docker,2
spring,sasikumarjagan/gs-spring-boot-docker,1
spring,vangercs/gs-spring-boot-docker,18
spring,YooInKeun/gs-spring-boot-docker,1
spring,poul-tonder/gs-spring-boot-docker,5
spring,xiaoxinyi666/gs-spring-boot-docker,4
spring,AveryCameronUofR/gs-spring-boot-docker,2
spring,danibyay/gs-spring-boot-docker,1
spring,badugusekhar/gs-spring-boot-docker,1
spring,victhugo/gs-spring-boot-docker,1
spring,hsujay80/gs-spring-boot-docker,1
spring,MrLiuFa/gs-spring-boot-docker,1
spring,vonnetworking/gs-spring-boot-docker,12
spring,rwideman/gs-spring-boot-docker,18
spring,chpapaz/gs-spring-boot-docker,1
spring,prasadbolla/gs-spring-boot-docker,3
spring,venkat22/gs-spring-boot-docker,6
spring,jochenchrist/gs-spring-boot-docker,1
spring,psaywan/gs-spring-boot-docker,3
spring,harishkc007/gs-spring-boot-docker,2
spring,nstineathmb/gs-spring-boot-docker,1
spring,hamadousi/gs-spring-boot-docker,4
spring,tempsmsin/gs-spring-boot-docker,2
spring,A-Livet/gs-spring-boot-docker,6
spring,Jorg8/gs-spring-boot-docker,1
spring,Monce03/gs-spring-boot-docker,2
spring,degenerated/gs-spring-boot-docker,2
spring,aromano2/gs-spring-boot-docker,1
spring,aaerrolla/gs-spring-boot-docker,6
spring,kkitase/gs-spring-boot-docker,3
spring,Eddie4Frost/gs-spring-boot-docker,1
spring,bongadub/gs-spring-boot-docker,1
spring,moravsky/gs-spring-boot-docker,1
spring,jlim3/gs-spring-boot-docker,1
spring,raghav141988/gs-spring-boot-docker,1
spring,vitaly-nikulin/gs-spring-boot-docker,3
spring,christianhirschi/gs-spring-boot-docker,3
spring,Zhiliiin/gs-spring-boot-docker,1
spring,matthiasebner/gs-spring-boot-docker,1
spring,rajeevsh990/gs-spring-boot-docker,5
spring,mvvbapiraju/gs-spring-boot-docker,2
spring,benfarnold/gs-spring-boot-docker,4
spring,knuttyse/gs-spring-boot-docker,2
spring,gyokutoku/gs-spring-boot-docker,5
spring,tamadje/gs-spring-boot-docker,5
spring,rickwillemse/gs-spring-boot-docker,1
spring,monil/gs-spring-boot-docker,8
spring,satrijotomo/gs-spring-boot-docker,1
spring,JerryBrimacombe/gs-spring-boot-docker,8
spring,KirbySSmith/gs-spring-boot-docker,1
spring,dlepow/gs-spring-boot-docker,1
spring,jkhy/frost-gs-spring-boot-docker,1
spring,itktc/gs-spring-boot-docker,1
spring,superjamel/gs-spring-boot-docker,1
spring,shakiladominic/gs-spring-boot-docker,1
spring,abKrazy/gs-spring-boot-docker,2
spring,sujithgk/gs-spring-boot-docker,1
spring,SudharsanS19/gs-spring-boot-docker,1
spring,torer01/gs-spring-boot-docker,1
spring,juantimonescalona/gs-spring-boot-docker,7
spring,dtewell19/gs-spring-boot-docker,3
spring,maximusfederal/gs-spring-boot-docker,3
spring,cutefly/gs-spring-boot-docker,2
spring,goprasad/gs-spring-boot-docker,4
spring,sudheerds/gs-spring-boot-docker,1
spring,stvdilln/gs-spring-boot-docker,31
spring,buddhamangler/gs-spring-boot-docker,8
spring,shwetank25/springbot-farnode,5
spring,jkarethiya/gs-spring-boot-docker,3
spring,rrmistry/gs-spring-boot-docker,2
spring,nguyenvantien0123/gs-spring-boot-docker,1
spring,avinash7345/gs-spring-boot-docker,3
spring,gabrielggg/gs-spring-boot-docker,102
spring,badping/gs-spring-boot-docker,1
spring,woyaowoyao/gs-spring-boot-docker,17
spring,jockohomo/gs-spring-boot-docker,1
spring,hinorashi/gs-spring-boot-docker,1
spring,AbhiramSandu/gs-spring-boot-docker,1
spring,Araza-nisum-com/gs-spring-boot-docker,4
spring,hishamhpm/gs-spring-boot-docker,4
spring,epsilon-conversant/gs-spring-boot-docker,1
spring,ThulaseeShan/gs-spring-boot-docker,4
spring,mathewjustin/gs-spring-boot-docker,7
spring,asuresh8/gs-spring-boot-docker,1
spring,clyfoung/gs-spring-boot-docker,8
spring,avijitsarkar123/sample-springboot-app,11
spring,devopsravikumar/gs-spring-boot-docker,67
spring,cosmos0703/gs-spring-boot-docker,1
spring,ffjabbari/gs-spring-boot-docker,2
spring,satishrawat/gs-spring-boot-docker,2
spring,ashfaqn/gs-spring-boot-docker,5
spring,serg84bond2007/gs-spring-boot-docker,10
spring,orinem/gs-spring-boot-docker,1
spring,barecode/gs-spring-boot-docker,3
spring,vikram9r/gs-spring-boot-docker,5
spring,jevanio/gs-spring-boot-docker,12
spring,toketunji/gs-spring-boot-docker,1
spring,cjaramgo/gs-spring-boot-docker,5
spring,fangjf/gs-spring-boot-docker,13
spring,pietrobr/gs-spring-boot-docker,10
spring,MichelinMan/gs-spring-boot-docker,1
spring,trekslab/gs-spring-boot-docker,1
spring,kasiperumal/gs-spring-boot-docker,1
spring,rajkgenomics/gs-spring-boot-docker,40
spring,bbyers-pivotal/gs-spring-boot-docker,1
spring,richardsosborn/gs-spring-boot-docker,1
spring,phil3k3/gs-spring-boot-docker,4
spring,mimran972/gs-spring-boot-docker,1
spring,CLdevops/gs-spring-boot-docker,46
spring,gsethgit/gs-spring-boot-docker,2
spring,damadei/gs-spring-boot-docker,14
spring,amsarabia/gs-spring-boot-docker,4
spring,AntonPalamarchuk/gs-spring-boot-docker,7
spring,almerico/gs-spring-boot-docker,6
spring,janoulle/gs-spring-boot-docker,2
spring,Niahm/gs-spring-boot-docker,1
spring,helmbold/gs-spring-boot-docker,2
spring,davidmirallesstarshot/gs-spring-boot-docker,6
spring,sainag9/gs-spring-boot-docker,1
spring,wely/gs-spring-boot-docker,2
spring,kingzuo/gs-spring-boot-docker,2
spring,TanmoyChanda/gs-spring-boot-docker,6
spring,micles123/gs-spring-boot-docker,3
spring,bmangalaganesh/gs-spring-boot-docker,3
spring,goanpao/gs-spring-boot-docker,1
spring,qaizar/gs-spring-boot-docker,2
spring,tomekl007/gs-spring-boot-docker,1
spring,paulyuk/gs-spring-boot-docker,2
spring,Pamir/gs-spring-boot-docker,1
spring,pakisto/gs-spring-boot-docker,1
spring,cirazuretest/gs-spring-boot-docker,4
spring,henrybell/gs-spring-boot-docker,2
spring,yuwzho/gs-spring-boot-docker,1
spring,tonychangcheng/gs-spring-boot-docker,1
spring,rohitBaravkar/gs-spring-boot-docker,2
spring,testforstephen/gs-spring-boot-docker,2
spring,gangavh/gs-spring-boot-docker,2
spring,mrsteffenjo/gs-spring-boot-docker,2
spring,larrycl/gs-spring-boot-docker,11
spring,bjoernhoeferum/gs-spring-boot-docker,3
spring,arivu1000/gs-spring-boot-docker,1
spring,debgmail/gs-spring-boot-docker,6
spring,shenjiang/gs-spring-boot-docker,1
spring,ctc948040/gs-spring-boot-docker,15
spring,ctc94/gs-spring-boot-docker,13
spring,nrpl/gs-spring-boot-docker,1
spring,nodejsnewbie/gs-spring-boot-docker,2
spring,xpoveda/gs-spring-boot-docker,16
spring,kevto/gs-spring-boot-docker,5
spring,jcperezamin/gs-spring-boot-docker,31
spring,rloutlaw/gs-spring-boot-docker,6
spring,diegopacheco/gs-spring-boot-docker,1
spring,macsnow/gs-spring-boot-docker,14
spring,BenRuns/gs-spring-boot-docker,2
spring,nanquanyuhao/gs-spring-boot-docker,21
spring,microsoft/gs-spring-boot-docker,2
spring,primeyo2004/gs-spring-boot-docker,2
spring,selvasingh/gs-spring-boot-docker,3
spring,gabrielmcg/gs-spring-boot-docker,1
spring,csikosbalint/gs-spring-boot-docker,1
spring,benji2006/gs-spring-boot-docker,1
spring,dkuhta/gs-spring-boot-docker,3
spring,xscript/gs-spring-boot-docker,6
spring,ZhijunZhao/gs-spring-boot-docker,15
spring,RavisankarCts/gs-spring-boot-docker,7
spring,Jesse0722/gs-spring-boot-docker,13
spring,vsnuvardan/gs-spring-boot-docker,1
spring,philipz/gs-spring-boot-docker,2
spring,ansumanverma/gs-spring-boot-docker,5
spring,svenjohann/gs-spring-boot-docker,14
spring,steveratay/gs-spring-boot-docker,1
spring,suclogger/gs-spring-boot-docker,3
spring,DaliTestGit/gs-spring-boot-docker,1
spring,sjmuniz/gs-spring-boot-docker,1
spring,kpmadhan/gs-spring-boot-docker,5
spring,henghua/gs-spring-boot-docker,1
spring,yangboz/gs-spring-boot-docker,1
spring,94192448/gs-spring-boot-docker,1
spring,JuHyun/gs-spring-boot-docker,3
spring,ajarv/gs-spring-boot-docker,8
spring,ned13/gs-spring-boot-docker,9
spring,naragon/gs-spring-boot-docker,1
spring,mohnishbasha/gs-spring-boot-docker,3
spring,krashpanic/gs-spring-boot-docker,6
spring,bladnor/gs-spring-boot-docker,3
spring,albertoclarit/gs-spring-boot-docker,1
spring,ranjeetkgupta/gs-spring-boot-docker,64
spring,awysza/gs-spring-boot-docker,2
spring,mistigi/gs-spring-boot-docker,8
spring,fortunecookiezen/gs-spring-boot-docker,28
spring,ezequiel-g/gs-scheduling-tasks,10
spring,alexowusu/gs-scheduling-tasks,1
spring,ppchandra/Task_06_09_2019,1
spring,jamesdavidson/quartz-scheduler-exception-repro,22
spring,Tr4pSt3R/gs-scheduling-tasks,2
spring,nazaninsbr/gs-scheduling-tasks,2
spring,techsubodh/gs-scheduling-tasks,6
spring,Basgolfer/gs-scheduling-tasks,1
spring,Jenlihua/gs-scheduling-tasks,1
spring,fanshaoer/gs-scheduling-tasks,1
spring,container1616/gs-scheduling-tasks,12
spring,iqequal0/gs-scheduling-tasks,1
spring,chicagozer/gs-scheduling-tasks,1
spring,arkenoid/gs-scheduling-tasks,1
spring,sagarrao/gs-scheduling-tasks,3
spring,pabrah15/gs-maven,1
spring,Manikanta6737/gs-maven,8
spring,mansoto8/gs-maven,1
spring,victhugo/gs-maven,4
spring,danibyay/gs-maven,5
spring,verholyak/gs-maven,5
spring,IhorHayevskyy/gs-maven,3
spring,Lora-Uroshlieva/gs-maven,11
spring,order12a/gs-maven,6
spring,IvanKolbasiuk/gs-maven,5
spring,m2i-training/gs-maven,5
spring,JyTosTT/gs-maven,1
spring,VankeService/spring-maven-demo,11
spring,rmartinez-rincones/gs-maven,2
spring,alvarolmedo/gs-maven,2
spring,Sambi-hub/gs-maven,2
spring,tatnaranjo/gs-maven,1
spring,madhavi-reddy24/gs-maven,33
spring,snehalkulki/gs-maven,3
spring,QuerQue/gs-maven,8
spring,arvindh-mani/gs-maven,1
spring,vmaathini/gs-maven,1
spring,AnishAnil/gs-maven,3
spring,RaviKumar1159/gs-maven,1
spring,tonysfng/gs-maven,2
spring,imsunilkulkarni/gs-maven,1
spring,airvin/gs-maven,4
spring,Todd-Thomas/gs-maven,1
spring,rijarami/gs-maven,7
spring,nikhilakudikala/gs-maven,1
spring,vnukala2008/gs-maven,1
spring,pavants52/gs-maven,33
spring,russest3/gs-maven,3
spring,sravyamaridi/gs-maven,3
spring,saikishore44/gs-maven,1
spring,Buzzardo/gs-maven,1
spring,titusn/gs-maven,38
spring,sh88/gs-maven,7
spring,chellakarthik24/gs-maven,6
spring,dkhode/gs-maven,2
spring,junpengl/gs-maven,1
spring,TimPerry1994/gs-maven,10
spring,sharadvishe/gs-maven,1
spring,chaitu88a/gs-maven,2
spring,roger8849/gs-maven,1
spring,UdayKumarNettem/gs-maven,1
spring,vga-rb/gs-maven,2
spring,miltonsiqueira/gs-maven,1
spring,siva517/gs-maven,11
spring,HarwinderSingh/gs-maven,4
spring,sensaid/gs-maven,3
spring,ruchakul92/gs-maven,4
spring,dlee0113/gs-maven,1
spring,kevincanning/gs-maven,1
spring,SirDyasi/gs-maven,1
spring,Sandakahle/gs-maven,1
spring,211227498/gs-maven,1
spring,bonganiklaas/gs-maven,1
spring,Vane101/gs-maven,2
spring,vuyokazi8110/gs-maven,2
spring,Lebogangdj/gs-maven,1
spring,Bakkies/gs-maven,1
spring,damonslu/gs-maven,1
spring,204540461/gs-maven,1
spring,berthymack/gs-maven,2
spring,bulumko/gs-maven,1
spring,stephenah-baloyi/gs-maven,1
spring,JillJeftha/gs-maven,2
spring,muneebah/gs-maven,1
spring,mattWhitwam/gs-maven,2
spring,Frances72/gs-maven,2
spring,210016299/gs-maven,1
spring,210037741/gs-maven,1
spring,bradleyprince/gs-maven,1
spring,lotrietb/gs-maven,1
spring,CPUTtp2/gs-maven,2
spring,vkaza/gs-crud-with-vaadin,1
spring,FranMartinezMartin/gs-crud-with-vaadin,1
spring,mehdi-vaadin/gs-crud-with-vaadin,3
spring,vlipovetskii/gs-crud-with-vaadin,1
spring,SirLJM/gs-crud-with-vaadin,1
spring,simarezania/gs-crud-with-vaadin,5
spring,AlexByte/gs-crud-with-vaadin,5
spring,mstahv/gs-crud-with-vaadin,2
spring,jcgueriaud/gs-crud-with-vaadin,2
spring,kharmaodo/gs-crud-with-vaadin-1,16
spring,patux21/kotlin-vaadin-spring-data-example,23
spring,liefra/kotlin-vaadin-spring-data-example,23
spring,snicoll/kotlin-vaadin-spring-data-example,21
spring,sdeleuze/kotlin-vaadin-spring-data-example,21
spring,KrzysztofDziankowski/gs-uploading-files,2
spring,alexlzn93/UploadFileSpring,3
spring,shoepping/gs-uploading-files,2
spring,chentianle1993/gs-uploading-files,4
spring,arswt/gs-uploading-files,1
spring,katakurineko/gs-uploading-files,1
spring,rodrigo2005/gs-uploading-files,3
spring,darkerror96/gs-uploading-files,1
spring,liudonghua123/gs-uploading-files,2
spring,jamataran/gs-uploading-files,3
spring,ulrichwinter/gs-uploading-files,1
spring,browncrane/gs-uploading-files,1
spring,jdelagal/gs-uploading-files,1
spring,mkgobaco/gs-uploading-files,1
spring,vcoder4c/gs-uploading-files,3
spring,district10/gs-uploading-files,3
spring,newlight77/gs-uploading-files,43
spring,youfeng243/gs-uploading-files,3
spring,abinet/gs-uploading-files,5
spring,wanghaojun/gs-uploading-files,3
spring,ElomAtsouAgboka/gs-uploading-files,1
spring,Sheparzo/gs-uploading-files,8
spring,msgilligan/gs-uploading-files,1
spring,codefresh-contrib/fan-out-fan-in-sample-app,11
spring,AliAkbarMoeini/gs-testing-web,1
spring,aeomhs/tl-testing-web,2
spring,integral-io/david-k-gs-testing-web,3
spring,sergiovlvitorino/gs-testing-web,2
spring,yukihane/gs-testing-web,5
spring,TakaakiAndo1/gs-testing-web,2
spring,nogamincho/gs-testing-web,7
spring,tomohiro-mitani/gs-testing-web,1
spring,xuqisheng/gs-testing-web,1
spring,dsvirid/gs-testing-web,2
spring,mnhock/gs-testing-web,1
spring,ultraq/gs-serving-web-content,1
spring,ndp69845/gs-serving-web-content,1
spring,sbabburu/gs-serving-web-content,47
spring,dbbaskette/gs-serving-web-content,1
spring,swtrjsuth/gs-serving-web-content,10
spring,EunKyung-Kim/gs-serving-web-content,1
spring,pranav661/gs-serving-web-content,22
spring,timgifford/gs-serving-web-content,1
spring,silvaz99/gs-serving-web-content,5
spring,aditobias/gs-serving-web-content,3
spring,lorenly/gs-serving-web-content,3
spring,delatma/gs-serving-web-content,6
spring,kengarcia96/gs-serving-web-content,4
spring,nicolch09/gs-serving-web-content,1
spring,bryanKoKoBop/gs-serving-web-content,1
spring,pastema/gs-serving-web-content,4
spring,zukifujita/gs-serving-web-content,2
spring,Chulowee/gs-serving-web-content,4
spring,aaronlagdameo/gs-serving-web-content,1
spring,medingr/gs-serving-web-content,4
spring,danluigitating/gs-serving-web-content,1
spring,gonzach/gs-serving-web-content,1
spring,genrev09/gs-serving-web-content,4
spring,ITA-Manila-Lansaro/gs-serving-web-content,1
spring,mikecrophones07/gs-serving-web-content,1
spring,kensevilla/gs-serving-web-content,1
spring,TLC123/Tank-pa-ett-tal,13
spring,mcherb/gs-serving-web-content,1
spring,helminizar/gs-serving-web-content,54
spring,saav8ra/gs-serving-web-content,1
spring,Dengzj1910/gs-serving-web-content,1
spring,rajasgs/gs-serving-web-content,1
spring,ETSISI-EMS/gs-serving-web-content,2
spring,saadgen/gs-serving-web-content,2
spring,cheunal/gs-serving-web-content,1
spring,aesops0124/gs-serving-web-content,1
spring,HKGJason/gs-serving-web-content,4
spring,yipchingwan/gs-serving-web-content,1
spring,moniv3v/gs-serving-web-content,1
spring,JackyLeungOOCL/gs-serving-web-content,6
spring,hei12011996/gs-serving-web-content,4
spring,rexlo317/gs-serving-web-content,2
spring,ikersuen/gs-serving-web-content,1
spring,Venicelam/gs-serving-web-content,4
spring,mohonsing113/gs-serving-web-content,4
spring,PhilCorney/gs-serving-web-content,1
spring,aelbereth/gs-serving-web-content,1
spring,vedhamurthy/gs-serving-web-content,1
spring,bernardpaulus/gs-serving-web-content,1
spring,dtippabattuni/gs-serving-web-content,2
spring,wphokomp/gs-serving-web-content,1
spring,binbinning/gs-serving-web-content,2
spring,Akavith/gs-serving-web-content,2
spring,Rajdash/gs-serving-web-content,90
spring,neilernst/gs-serving-web-content,2
spring,martika810/gs-serving-web-content,2
spring,stride-nyc/gs-serving-web-content,10
spring,qijunbo/gs-serving-web-content,2
spring,rmdrabach/gs-serving-web-content,9
spring,razortag97/gs-serving-web-content,2
spring,jwsliu/gs-serving-web-content,1
spring,svenugopal91/gs-serving-web-content,3
spring,abhishek-galoda/gs-serving-web-content,2
spring,mageddo/gs-serving-web-content,8
spring,rkmallik/gs-serving-web-content,6
spring,vulicny/gs-serving-web-content,2
spring,calm4wei/gs-serving-web-content,6
spring,flangewad/gs-serving-web-content,26
spring,webcane/gs-serving-web-content,1
spring,TrentonAdams/gs-serving-web-content,1
spring,elune1108/gs-serving-web-content,1
spring,bobbylough/gs-serving-web-content,1
spring,Sheparzo/gs-serving-web-content,5
spring,beswarm/gs-serving-web-content,3
spring,josephmc5/gs-serving-web-content,1
spring,syzer/gs-service-registration-and-discovery,1
spring,mohammadJBYaseen/gs-service-registration-and-discovery,5
spring,georgeharley/gs-service-registration-and-discovery,1
spring,amygdal/gs-service-registration-and-discovery,1
spring,binbinning/gs-service-registration-and-discovery,1
spring,heyunxia/gs-service-registration-and-discovery,7
spring,qijunbo/gs-service-registration-and-discovery,5
spring,zlpha/gs-service-registration-and-discovery,1
spring,jihao/gs-service-registration-and-discovery,3
spring,ndp69845/gs-securing-web,1
spring,victorbjorn/gs-securing-web,1
spring,sergiovlvitorino/gs-securing-web,1
spring,victorsheng/gs-securing-web,1
spring,prabhatCH/gs-securing-web,4
spring,sugaryo/gs-securing-web,11
spring,frizio/gs-securing-web,3
spring,git-forked-repos/gs-securing-web,1
spring,cnr-roxx/gs-securing-web,2
spring,HCKgit/gs-securing-web,1
spring,temadivnich/gs-securing-web,1
spring,startcode/gs-securing-web,1
spring,qijunbo/gs-securing-web,3
spring,L7R7/gs-securing-web,1
spring,zhoppy1/gs-securing-web,1
spring,robertdale/gs-securing-web,2
spring,Sheparzo/gs-securing-web,3
spring,mcasperson/gs-rest-service-cors,20
spring,deejmore/gs-rest-service-cors,1
spring,cristianmanea/gs-rest-service-cors,1
spring,shiliy/gs-rest-service-cors,3
spring,dezhenglu/gs-rest-service-cors,1
spring,joseverdugo/gs-rest-service-cors,1
spring,tromantic/gs-rest-service-cors,13
spring,arkenoid/gs-rest-service-cors,1
spring,vimal-s/gs-relational-data-access,6
spring,manrodriguezflv/gs-relational-data-access,8
spring,anystub-guides/gs-relational-data-access,1
spring,sameer05515/gs-relational-data-access,2
spring,wphokomp/gs-relational-data-access,2
spring,yolgun/gs-relational-data-access,5
spring,eeyoo/gs-relational-data-access,3
spring,Javicorso/gs-relational-data-access,1
spring,julieth756/gs-relational-data-access,1
spring,bobbylough/gs-relational-data-access,1
spring,dsyer/gs-producing-web-service,1
spring,Mavstrider/gs-producing-web-service,1
spring,sofiafernandescd/gs-producing-web-service,1
spring,varmazyar/gs-producing-web-service,1
spring,eldonogithub/gs-producing-web-service,1
spring,ultra-devs/gs-producing-web-service,3
spring,drmalex07/gs-producing-web-service,4
spring,sinanmutlu/gs-producing-web-service,1
spring,nmasse-itix/gs-producing-web-service,1
spring,ifalko/gs-producing-web-service,4
spring,sambamitra/gs-producing-web-service,12
spring,rjdkolb/gs-producing-web-service,3
spring,allan-knight-sonos/gs-producing-web-service,1
spring,luismoramedina/gs-producing-web-service,3
spring,keithsjohnson/gs-producing-web-service,2
spring,qotho/gs-producing-web-service,1
spring,apdekock/gs-producing-web-service,2
spring,arkenoid/gs-producing-web-service,1
spring,abitgen/gs-multi-module,4
spring,PerfectFifth/gs-multi-module,4
spring,dandanding/gs-multi-module,5
spring,qijunbo/gs-multi-module,1
spring,laki88/gs-multi-module,11
spring,ramyeldutiggk/gs-multi-module,4
spring,drmalex07/gs-multi-module,3
spring,4byte/gs-messaging-stomp-websocket,2
spring,DLX4/gs-messaging-stomp-websocket,1
spring,TingTop/gs-messaging-stomp-websocket,2
spring,Koprvhdix/gs-messaging-stomp-websocket,2
spring,astylos/gs-messaging-stomp-websocket,5
spring,gbrehmer/gs-messaging-stomp-websocket,1
spring,huangjingyes/gs-messaging-stomp-websocket,1
spring,krm1312/gs-messaging-stomp-websocket,1
spring,rkkarthikiiitb/gs-messaging-stomp-websocket,1
spring,techthursday/gs-messaging-stomp-websocket,1
spring,lwahonen/gs-messaging-stomp-websocket,19
spring,MrSummer33/gs-messaging-stomp-websocket,1
spring,athuljayaraj/gs-messaging-stomp-websocket,2
spring,cristicmf/gs-messaging-stomp-websocket,2
spring,qijunbo/gs-messaging-stomp-websocket,1
spring,vammyK/gs-messaging-stomp-websocket,6
spring,elvisnovoa/gs-messaging-stomp-websocket,1
spring,fardila1011/gs-messaging-stomp-websocket,1
spring,mihaita-tinta/gs-messaging-stomp-websocket,2
spring,awuliu/gs-messaging-stomp-websocket,1
spring,niusha-paks/gs-messaging-stomp-websocket,2
spring,rsparkyc/gs-messaging-stomp-websocket,1
spring,bluishoul/gs-messaging-stomp-websocket,1
spring,sajmmon/gs-messaging-stomp-websocket,1
spring,yujunhao8831/gs-messaging-stomp-websocket,1
spring,cstong/gs-messaging-stomp-websocket,2
spring,wpbeckwith/gs-messaging-stomp-websocket,5
spring,blacky0x0/gs-messaging-stomp-websocket,6
spring,chyt/gs-messaging-stomp-websocket,2
spring,anandchakru-archives/gs-messaging-stomp-websocket,9
spring,cleliofs/gs-messaging-stomp-websocket,1
spring,mmaico/gs-messaging-stomp-websocket,1
spring,ricardobaumann/gs-messaging-stomp-websocket,2
spring,raynjamin/gs-messaging-stomp-websocket,3
spring,lfany/gs-messaging-stomp-websocket,5
spring,shady-ragab/gs-messaging-stomp-websocket,1
spring,mallzgz/gs-messaging-stomp-websocket,1
spring,iuliana/gs-messaging-stomp-websocket,6
spring,woosoobar/gs-messaging-stomp-websocket,1
spring,fdlk/gs-messaging-stomp-websocket,2
spring,arkenoid/gs-messaging-stomp-websocket,1
spring,slallem/gs-messaging-rabbitmq,1
spring,VincentJcore/gs-messaging-rabbitmq,2
spring,codefordream2014/gs-messaging-rabbitmq,2
spring,tafoca/gs-messaging-rabbitmq,1
spring,springboxcn/gs-messaging-rabbitmq,1
spring,lowtech81/gs-messaging-rabbitmq,5
spring,binbinning/gs-messaging-rabbitmq,1
spring,eddy16/gs-messaging-rabbitmq,1
spring,dsyer/gs-messaging-rabbitmq,1
spring,jwsliu/gs-messaging-rabbitmq,1
spring,shaman2009/gs-messaging-rabbitmq,3
spring,mageddo/gs-messaging-rabbitmq,7
spring,vincent-fuchs/gs-messaging-rabbitmq,3
spring,sjyun/gs-messaging-rabbitmq,2
spring,abalanonline/ab-spring-boot-jms,1
spring,melpis/gs-messaging-jms,1
spring,koljamaier/gs-messaging-jms,2
spring,alek-sys/gs-messaging-jms,1
spring,jochen777/gs-messaging-jms,1
spring,binbinning/gs-messaging-jms,1
spring,mageddo/gs-messaging-jms,86
spring,zlpha/gs-messaging-jms,7
spring,sergiovlvitorino/gs-messaging-jms,1
spring,yongchun/gs-messaging-jms,4
spring,bobbylough/gs-messaging-jms,1
spring,ramazanaslan82/gs-gradle,4
spring,sophiedophie/gs-gradle,22
spring,danibyay/gs-gradle,3
spring,victhugo/gs-gradle,1
spring,sbm20161/gs-gradle,1
spring,elPerro72/gs-gradle,4
spring,aleMaqueda/gs-gradle,1
spring,ShuklaShubh89/gs-gradle,6
spring,boppatea/gs-gradle,1
spring,georgiydelia/gs-gradle,1
spring,homebikranz4u/gs-gradle,1
spring,sikishen/gs-gradle,6
spring,ldujovne/gs-gradle,1
spring,SantoshKumarA/gs-gradle,1
spring,lakshmiNdevulapalli/gs-gradle,9
spring,zivomri/gs-gradle,2
spring,peppesilletti/gs-gradle,1
spring,giuesposbit/gs-gradle,25
spring,screwyterror83/gs-gradle,4
spring,beratx/gs-gradle,3
spring,alphyon/gs-gradle,1
spring,korwwyn/gs-gradle,3
spring,ythalorossy/gs-gradle,14
spring,airvin/gs-gradle,1
spring,alvarolmedo/gs-gradle,13
spring,einarvelez/gs-gradle,10
spring,tian-github/gs-gradle,1
spring,jludvig/gs-gradle,1
spring,Buzzardo/gs-gradle,2
spring,mbubb/gs-gradle,1
spring,mooeamonn/gs-gradle,1
spring,wardviaene/gs-gradle,12
spring,vikasyadav15/gs-gradle,1
spring,SignVOVA/gs-gradle,4
spring,translucens/gs-gradle,1
spring,Massiv-IO/gs-gradle,7
spring,antweiss/gs-gradle,3
spring,dsyer/gs-consuming-web-service,1
spring,sofiafernandescd/gs-consuming-web-service,1
spring,Mavstrider/gs-consuming-web-service,3
spring,fozerro/gs-consuming-web-service,2
spring,Macwe1l/gs-consuming-web-service,1
spring,ma501/gs-consuming-web-service,1
spring,atpollmann/gs-consuming-web-service,1
spring,nsnull0/gs-consuming-web-service,2
spring,arkenoid/gs-consuming-web-service,1
spring,corneliusknopp/gs-consuming-rest,3
spring,sdsyjh/gs-consuming-rest,1
spring,mandatir/gs-consuming-rest,1
spring,joeazhou/gs-consuming-rest,22
spring,anystub-guides/gs-consuming-rest,2
spring,yingjiezhong/gs-consuming-rest,2
spring,frizio/gs-consuming-rest,2
spring,fabiocsantana/gs-consuming-rest,2
spring,nazaninsbr/gs-consuming-rest,1
spring,oveits/spring-boot-resttemplate-example,1
spring,airvin/gs-consuming-rest,1
spring,Allysquad/gs-consuming-rest,18
spring,nathenharvey/gs-consuming-rest,3
spring,Basgolfer/gs-consuming-rest,1
spring,MirceaM11/gs-consuming-rest,31
spring,lightgao/gs-consuming-rest,1
spring,morganwu277/gs-consuming-rest,1
spring,helloworldtang/gs-consuming-rest,2
spring,dgomesbr/gs-consuming-rest,1
spring,joffroy59/gs-consuming-rest,1
spring,binbinning/gs-client-side-load-balancing,1
spring,ssevening/gs-client-side-load-balancing,2
spring,zlpha/gs-client-side-load-balancing,1
spring,codependent/gs-client-side-load-balancing,1
spring,jihao/gs-client-side-load-balancing,1
spring,liumeng468974/gs-centralized-configuration,13
spring,abalanonline/ab-configserver-jms,5
spring,johnhunsley/gs-centralized-configuration,2
spring,aeron1sh/gs-centralized-configuration,3
spring,deals4mano/gs-centralized-configuration,5
spring,ljs1377/gs-centralized-configuration,1
spring,nssanthoshkumar/gs-centralized-configuration,5
spring,MarketStreetSoftware/gs-centralized-configuration,11
spring,sugbhatt/gs-centralized-configuration,1
spring,lalatkb/gs-centralized-configuration,1
spring,ChinmayGitHub/gs-centralized-configuration,1
spring,ZeroGraviti/gs-centralized-configuration,4
spring,keithsjohnson/gs-centralized-configuration,5
spring,solomonqbq/gs-centralized-configuration,2
spring,KaranKhirsariya/gs-authenticating-ldap,2
spring,toddsiegel/gs-authenticating-ldap,1
spring,matthew-pearson/gs-authenticating-ldap,1
spring,pokhrela/gs-accessing-mongodb-data-rest,4
spring,arun279/gs-accessing-mongodb-data-rest,9
spring,apprenda/gs-accessing-mongodb-data-rest,7
spring,DmitrySandalov/gs-accessing-mongodb-data-rest,1
spring,robmoore/gs-accessing-mongodb-data-rest,4
spring,vivekjuneja/gs-accessing-mongodb-data-rest,3
spring,jlsalmon/gs-accessing-mongodb-data-rest,1
spring,supermy/gs-accessing-mongodb-data-rest,1
spring,StatelessCat/gs-accessing-mongodb-data-rest,5
spring,ncantelmo/gs-accessing-mongodb-data-rest,1
spring,ryanmckaytx/gs-accessing-mongodb-data-rest,1
spring,creed30/json-blob-pg-gs-accessing-data-rest,1
spring,EstherAF/gs-accessing-data-rest,13
spring,giuliov-wipro/gs-accessing-data-rest,4
spring,nroi/gs-accessing-data-rest,6
spring,ZacharySmithIBM/gs-accessing-data-rest,1
spring,qijunbo/gs-accessing-data-rest,2
spring,jinyoung/gs-accessing-data-rest,3
spring,jkschneider/gs-accessing-data-rest,2
spring,msparer/gs-accessing-data-rest,1
spring,menesbatto/TrenoBetWeb,22
spring,marioosh-net/gs-accessing-data-rest,1
spring,lovejavaee/gs-accessing-data-rest,1
spring,AnnaSkawinska/gs-accessing-data-rest,1
spring,pjskyboy/gs-accessing-data-rest,19
spring,recaigirgin/gs-accessing-data-rest,1
spring,javalisson/gs-accessing-data-rest,2
spring,ishara/gs-accessing-data-rest,2
spring,inf/gs-accessing-data-rest,2
spring,valery-barysok/gs-accessing-data-rest,1
spring,johnpfield/gs-accessing-data-rest,1
spring,frschmitz/gs-accessing-data-rest,1
spring,supermy/gs-accessing-data-rest,17
spring,arkenoid/gs-accessing-data-rest,1
spring,pokhrela/gs-accessing-data-mysql,1
spring,KushalSharma8910/gs-accessing-data-mysql,1
spring,DanRoscigno/gs-accessing-data-mysql,39
spring,svenefftinge/gs-accessing-data-mysql,2
spring,CorainChicago/gs-accessing-data-mysql,1
spring,iftiali/gs-accessing-data-mysql,6
spring,frizio/gs-accessing-data-mysql,2
spring,edphelps/gs-accessing-data-mysql,1
spring,Sondreten/gs-accessing-data-mysql,6
spring,sajidrahman/gs-accessing-data-mysql,2
spring,jdcloud-architecture/gs-accessing-data-mysql-old,3
spring,BernatIV/gs-accessing-data-mysql,2
spring,Allysquad/gs-accessing-data-mysql,7
spring,gucs/gs-accessing-data-mysql,2
spring,jacekmusial/gs-accessing-data-mysql,5
spring,startcode/gs-accessing-data-mysql,1
spring,binbinning/gs-accessing-data-mysql,3
spring,nathenharvey/gs-accessing-data-mysql,17
spring,benius/gs-accessing-data-mysql,1
spring,DavidGinzberg/gs-accessing-data-mysql,1
spring,MalihehS/gs-accessing-data-mysql,16
spring,lightgao/gs-accessing-data-mysql,1
spring,ShadySentry/gs-accessing-data-jpa,9
spring,zli192/gs-accessing-data-jpa,1
spring,wangzitiansky/gs-accessing-data-jpa,1
spring,kdubb/gs-accessing-data-jpa,11
spring,cdlans/gs-accessing-data-jpa,1
spring,brandontoups/gs-accessing-data-jpa,1
spring,frizio/gs-accessing-data-jpa,1
spring,alexakarpov/gs-accessing-data-jpa,1
spring,Adithya1894/gs-accessing-data-jpa,1
spring,wphokomp/gs-accessing-data-jpa,1
spring,binbinning/gs-accessing-data-jpa,1
spring,SebastianAigner/gs-accessing-data-jpa,1
spring,qijunbo/gs-accessing-data-jpa,27
spring,cuipengfei/gs-accessing-data-jpa,9
spring,batchu/spring-boot-basic-crud,7
spring,Bert-R/gs-accessing-data-jpa,1
spring,prubach/gs-accessing-data-jpa,9
spring,steelersd/gs-accessing-data-jpa,1
spring,naikwadi-sachin/gs-accessing-data-jpa,1
spring,izeye/gs-accessing-data-jpa,1
spring,willedwards/gs-accessing-data-jpa,1
spring,chris8xia/gs-accessing-data-jpa,3
spring,gregturn/gs-accessing-data-jpa,16
spring,payne/gs-accessing-data-jpa,3
spring,Reppinger/getting-started-guides,1
spring,ge0ffrey/getting-started-guides,1
spring,kjm789/getting-started-guides,1
spring,katheris/gs-cloudant,8
spring,gunayus/getting-started-guides,12
spring,Buzzardo/getting-started-guides,19
spring,Merter/getting-started-guides,20
spring,MonicaG/getting-started-guides,1
spring,Buzzardo/gs-accessing-data-gemfire,1
spring,upthewaterspout/gs-accessing-data-gemfire-lucene,1
spring,charliemblack/gs-accessing-data-gemfire,1
spring,gregturn/gs-accessing-data-gemfire,1
spring,crw-samples/gs-validating-form-input,1
spring,eldonogithub/gs-validating-form-input,3
spring,zhouxianfeng776/gs-validating-form-input,3
spring,akdadf/gs-validating-form-input,1
spring,odrotbohm/gs-validating-form-input,1
spring,navyasric/gs-validating-form-input,1
spring,Sheparzo/gs-validating-form-input,1
spring,attack7/gs-validating-form-input,1
spring,yucwan/gs-spring-boot-for-azure,3
spring,darrellsnow/gs-spring-boot-for-azure,1
spring,githubdmuser/gs-spring-boot-for-azure,5
spring,szvasas/gs-rest-hateoas,2
spring,michalfotyga/gs-rest-hateoas,2
spring,digammas/gs-rest-hateoas,1
spring,sandcast/gs-rest-hateoas,31
spring,manonthemat/gs-rest-hateoas,1
spring,arvy/gs-rest-hateoas,2
spring,istibekesi/gs-rest-hateoas,2
spring,meyertee/gs-rest-hateoas,3
spring,gregturn/gs-rest-hateoas,3
spring,jandersonrafa/gs-reactive-rest-service,3
spring,jiangxinlingdu/gs-reactive-rest-service,12
spring,MaartenSmeets/gs-reactive-rest-service,12
spring,deejmore/gs-reactive-rest-service,1
spring,grigoryoskin/gs-messaging-redis,2
spring,dingsydney/gs-messaging-redis,1
spring,fabiocsantana/gs-messaging-redis,2
spring,wangchong6808/gs-messaging-redis,1
spring,lahuang4/gs-messaging-gcp-pubsub,1
spring,cah-sai-madaupu/gs-messaging-gcp-pubsub,2
spring,flaviodev/gs-messaging-gcp-pubsub,10
spring,joaoandremartins/gs-messaging-gcp-pubsub,2
spring,qijunbo/gs-managing-transactions,1
spring,dzmitry-paulenka/gs-managing-transactions,1
spring,miltonsiqueira/gs-managing-transactions,1
spring,alexandroid1/gs-handling-form-submission,10
spring,vladikoff/gs-handling-form-submission,1
spring,bobbylough/gs-handling-form-submission,1
spring,zhangxuguang9999/gs-gateway,2
spring,wuda1990/gs-gateway,1
spring,fxrcode/gs-gateway,5
spring,mplexus/gs-gateway,2
spring,amaralani/gs-contract-rest,1
spring,3like3beer/gs-contract-rest,1
spring,gunayus/gs-contract-rest,1
spring,Terry-Shi/gs-circuit-breaker,8
spring,joaopbini/gs-circuit-breaker,2
spring,YongjieYang-YY/gs-circuit-breaker,1
spring,vaquarkhan/gs-circuit-breaker,1
spring,ZeroGraviti/gs-circuit-breaker,1
spring,zlpha/gs-circuit-breaker,1
spring,Nilkanthpatel04/gs-caching-gemfire,1
spring,Buzzardo/gs-caching-gemfire,1
spring,mesutcelik/gs-caching,1
spring,pluone/gs-caching,2
spring,lulumatous/gs-caching,2
spring,dbrimley/gs-caching,1
spring,bluescout/gs-caching,4
spring,rodrigo-tsuru/gs-caching,1
spring,bobbylough/gs-caching,1
spring,arkenoid/gs-caching,1
spring,allen2063/gs-batch-processing,3
spring,sonyoon7/gs-batch-processing,5
spring,deadzq/gs-batch-processing,1
spring,emacarron/gs-batch-processing,2
spring,tmicheletti-crif/gs-batch-processing,3
spring,mac8088/gs-batch-processing,1
spring,alisoninoue/gs-batch-processing,1
spring,hamedmirzaei/gs-batch-processing,2
spring,arunplrgit/gs-batch-processing,1
spring,kadtewsd/gs-batch-processing,10
spring,benjamin555/gs-batch-processing,4
spring,Lab-takeoasai/gs-batch-processing,1
spring,nshopova/gs-batch-processing,3
spring,ricardobaumann/gs-batch-processing,1
spring,InverseLina/gs-batch-processing,1
spring,wytten/gs-batch-processing,24
spring,dbuchko/gs-batch-processing,1
spring,pranaysharmadelhi/gs-batch-processing,1
spring,proofy/gs-batch-processing,1
spring,sis-direct/gs-batch-processing,1
spring,igorrosenberg/gs-batch-processing,15
spring,szantopeter/spring-batch-example,5
spring,toretest/gs-async-method,1
spring,mkgobaco/gs-async-method,1
spring,duntzer/gs-async-method,1
spring,yyi/gs-async-method,2
spring,tiwarivikash/gs-async-method,1
spring,sbm20161/gs-actuator-service,2
spring,soloturn/gs-actuator-service,1
spring,unnisworld/gs-actuator-service,5
spring,ranyanxia/gs-actuator-service,9
spring,startcode/gs-actuator-service,1
spring,flap/gs-actuator-service,1
spring,martin-schaefer/gs-actuator-service,1
spring,btisdall/gs-actuator-service,11
spring,net1984master/gs-actuator-service,1
spring,phamlehieu2408/gs-actuator-service,5
spring,tmendenhall/gs-actuator-service,5
spring,rob-baily/gs-actuator-service,3
spring,teamlogan/gs-accessing-vault,1
spring,datazuul/gs-accessing-neo4j-data-rest,1
spring,kkito/gs-accessing-neo4j-data-rest,1
spring,javalisson/gs-accessing-neo4j-data-rest,2
spring,manonthemat/gs-accessing-neo4j-data-rest,1
spring,arkenoid/gs-accessing-neo4j-data-rest,1
spring,talkingscott/gs-accessing-data-neo4j,4
spring,javalisson/gs-accessing-data-neo4j,2
spring,d3z/gs-accessing-data-neo4j,1
spring,manonthemat/gs-accessing-data-neo4j,1
spring,gregturn/gs-accessing-data-neo4j,3
spring,pokhrela/gs-accessing-data-mongodb,13
spring,leoprince/gs-accessing-data-mongodb,1
spring,jimboweb/gs-accessing-data-mongodb,1
spring,idalv/gs-accessing-data-mongodb,1
spring,frizio/gs-accessing-data-mongodb,2
spring,qsbao/gs-accessing-data-mongodb,7
spring,venosov/gs-accessing-data-mongodb,1
spring,centibit/spring-data-mongodb-false-positive-cycle-detection,3
spring,EdwardPrentice/gs-accessing-data-mongodb,1
spring,eing/gs-accessing-data-mongodb,22
spring,emac/gs-accessing-data-mongodb,1
spring,metyl/gs-accessing-data-mongodb,35
spring,supermy/gs-accessing-data-mongodb,1
spring,JohnathanMarkSmith/gs-accessing-data-mongodb,2
spring,sathishk/gs-accessing-data-mongodb,3
spring,gregturn/gs-accessing-data-mongo,4
spring,janakec19/tut-spring-boot-oauth2,1
spring,Maisy/tut-spring-boot-oauth2,2
spring,sunrenjie/tut-spring-boot-oauth2,2
spring,wanlinus/tut-spring-boot-oauth2,1
spring,giziellerodrigues/tut-spring-boot-oauth2,1
spring,quantificial/tut-spring-boot-oauth2,12
spring,hgySandy/tut-spring-boot-oauth2,1
spring,VincentJcore/tut-spring-boot-oauth2,1
spring,glqdlt/tut-spring-boot-oauth2,1
spring,cass-green/tut-spring-boot-oauth2,1
spring,lhwong/tut-spring-boot-oauth2,1
spring,qqjianyue/tut-spring-boot-oauth2,1
spring,ahunigel/tut-spring-boot-oauth2,1
spring,topsli/tut-spring-boot-oauth2,2
spring,zombiyamo/tut-spring-boot-oauth2,2
spring,Oscar-21/tut-spring-boot-oauth2,2
spring,augustoescobar/tut-spring-boot-oauth2,2
spring,Miltonjacomini/tut-spring-boot-oauth2,1
spring,wangyanbn/tut-spring-boot-oauth2,1
spring,tanvir-ahmed-m4/tut-spring-boot-oauth2,8
spring,afillatre/tut-spring-boot-oauth2,1
spring,judomu/spring-boot-issue-8565,1
spring,davidmeredith/tut-spring-boot-oauth2,1
spring,dflick-pivotal/tut-spring-boot-oauth2,1
spring,tripleyup/tut-spring-boot-oauth2,1
spring,rohajda/tut-spring-boot-oauth2,2
spring,derekjwilliams/tut-spring-boot-oauth2,2
spring,xavierRobert/tut-spring-boot-oauth2,3
spring,crazyquark/tut-spring-boot-oauth2,1
spring,tonsV2/tut-spring-boot-oauth2,3
spring,m91snik/tut-spring-boot-oauth2,1
spring,augusto/tut-spring-boot-oauth2,1
spring,hazim1093/tut-spring-boot-oauth2,2
spring,tromantic/tut-spring-boot-oauth2,2
