"framework","repository","forks","diskUsage_KB","stargazers","watchers","issues","commits","pullRequests","updatedAt","projects"
"Spring","shzlw/poli",67,20571,305,21,3,145,4,"2019-07-02T01:05:59Z",0
"Spring","wyh-spring-ecosystem-student/spring-boot-student",405,808,636,79,11,395,0,"2019-07-01T09:01:22Z",0
"Spring","Activiti/Activiti",4315,95256,5326,615,1429,7791,1384,"2019-07-01T13:58:07Z",2
"Spring","spring-projects/spring-security-oauth",3350,6442,3611,419,1292,1280,419,"2019-07-01T20:01:23Z",0
"Spring","cheese10yun/spring-guide",36,495,170,58,2,122,19,"2019-07-01T08:09:07Z",0
"Spring","dearbinge/dubbo-spring-boot-mybatis-redis",541,29,790,112,6,6,1,"2019-07-01T08:55:47Z",0
"Spring","abel533/Mapper",1066,1801,4049,337,561,698,55,"2019-07-01T08:41:20Z",1
"Spring","spring-guides/gs-uploading-files",290,488,225,33,39,212,23,"2019-06-26T08:54:22Z",0
"Spring","liaokailin/springcloud",166,3750,173,26,3,23,1,"2019-05-14T06:32:17Z",0
"Spring","ordina-jworks/microservices-dashboard",65,1886,401,84,81,74,33,"2019-06-27T08:51:33Z",0
"Spring","tonyboxes/netty-chat",302,625,445,78,8,52,7,"2019-06-27T02:12:51Z",0
"Spring","DSpace/DSpace",880,137746,453,109,0,10788,2456,"2019-06-27T16:31:10Z",0
"Spring","JThink/SkyEye",303,17078,663,107,0,202,2,"2019-06-28T01:36:03Z",0
"Spring","OysterQAQ/Pixiv-Illustration-Collection",68,209,637,14,11,50,2,"2019-06-30T14:14:21Z",0
"Spring","cwenao/springboot_cwenao",157,116,257,41,1,25,0,"2019-06-09T09:30:48Z",0
"Spring","binarywang/weixin-java-miniapp-demo",203,3087,345,22,17,42,0,"2019-07-01T12:57:25Z",0
"Spring","mattia-battiston/clean-architecture-example",151,897,642,49,4,125,2,"2019-06-29T05:55:04Z",0
"Spring","ngbdf/redis-manager",200,69557,572,46,36,271,17,"2019-07-01T14:18:06Z",0
"Spring","jhipster/jhipster",143,1277,260,70,0,1169,314,"2019-07-01T19:19:39Z",0
"Spring","nonocast/todolist",77,1540,185,18,3,127,0,"2019-06-26T15:58:22Z",0
"Spring","pkainulainen/gradle-examples",289,35,237,25,1,34,1,"2019-06-24T00:00:51Z",0
"Spring","spring-projects/spring-xd",305,28778,467,100,0,2768,1816,"2019-07-01T09:49:21Z",0
"Spring","nosqlcoco/springboot-weapp-demo",112,64,200,21,2,31,0,"2019-06-27T08:49:56Z",0
"Spring","aws-samples/amazon-ecs-java-microservices",176,31918,213,87,13,58,4,"2019-06-23T15:49:54Z",0
"Spring","adobe/S3Mock",69,508,155,14,70,209,87,"2019-06-29T02:18:04Z",0
"Spring","tim232385/WebVideoBot",25,88836,163,9,0,92,1,"2019-06-28T18:58:54Z",0
"Spring","jhipster/jhipster-registry",489,5540,506,91,166,864,205,"2019-07-01T13:38:29Z",1
"Spring","ysrc/Liudao",207,44,272,35,0,12,1,"2019-06-30T16:16:25Z",0
"Spring","apache/dubbo-admin",806,13106,1717,163,296,47,150,"2019-06-30T09:01:58Z",0
"Spring","souyunku/SpringBootExamples",481,1105,627,61,8,86,0,"2019-07-01T09:39:12Z",0
"Spring","opentracing-contrib/java-spring-cloud",68,583,175,25,92,185,139,"2019-06-26T06:22:32Z",0
"Spring","shmilyah/spring-cloud-components",100,109,150,22,1,58,0,"2019-06-28T08:26:55Z",0
"Spring","sofastack/sofa-registry",61,592,246,33,30,9,7,"2019-06-29T11:08:04Z",1
"Spring","feuyeux/jax-rs2-guide",280,3162,179,54,1,19,1,"2019-06-23T07:16:11Z",0
"Spring","eclipse/hono",71,22884,234,42,609,3132,716,"2019-07-01T15:58:41Z",19
"Spring","alibaba/nacos",1681,17757,6871,572,1018,1462,438,"2019-07-02T01:02:04Z",2
"Spring","yu199195/myth",595,1218,1349,132,40,96,15,"2019-07-01T11:14:35Z",0
"Spring","cloudfoundry/java-buildpack-auto-reconfiguration",105,3147,215,66,30,318,41,"2019-04-05T22:31:36Z",0
"Spring","naturalprogrammer/spring-lemon",109,1235,346,53,33,499,1,"2019-07-01T20:30:00Z",0
"Spring","xuwujing/springBoot-study",255,503,410,37,9,108,2,"2019-07-01T07:03:42Z",0
"Spring","spring-cloud/spring-cloud-sleuth",498,82171,1079,120,925,2224,459,"2019-07-01T08:26:59Z",0
"Spring","Coding/WebIDE-Backend",94,1881,188,28,12,62,20,"2019-07-01T04:56:00Z",0
"Spring","zhengyunfei/springboot-hadmin",105,6837,179,16,8,29,0,"2019-06-28T15:43:27Z",0
"Spring","sofastack/sofa-tracer",184,994,567,77,99,178,134,"2019-07-01T03:43:56Z",5
"Spring","anilallewar/microservices-basics-spring-boot",243,5438,391,43,12,34,4,"2019-07-01T09:12:03Z",0
"Spring","sanshengshui/netty-learning-example",157,2048,617,24,7,201,1,"2019-07-02T01:02:23Z",0
"Spring","1ssqq1lxr/iot_push",124,375,201,30,2,181,0,"2019-07-01T23:19:09Z",0
"Spring","didi/tinyid",117,301,475,34,8,16,1,"2019-07-01T10:57:02Z",0
"Spring","Zoctan/spring-boot-vue-admin",81,1026,153,17,10,48,1,"2019-06-26T00:54:16Z",0
"Spring","bitkylin/ClusterDeviceControlPlatform",111,1147,220,37,2,143,25,"2019-07-01T01:25:00Z",0
"Spring","roncoo/spring-boot-demo",865,230,1511,185,2,155,2,"2019-06-30T23:47:15Z",0
"Spring","qiurunze123/miaosha",1433,65437,7003,384,23,205,16,"2019-07-02T01:01:21Z",0
"Spring","system-sekkei/isolating-the-domain",50,1443,276,65,69,789,36,"2019-06-28T10:06:40Z",0
"Spring","joshlong/boot-examples",164,587,219,38,16,52,4,"2019-05-14T08:42:35Z",0
"Spring","rubenlagus/TelegramBots",481,1710,1437,112,380,642,250,"2019-07-01T01:10:47Z",0
"Spring","whyalwaysmea/Spring-Security",155,95,265,16,2,22,0,"2019-07-01T13:44:22Z",0
"Spring","dangdangdotcom/config-toolkit",320,499,490,109,13,238,18,"2019-07-01T08:31:35Z",0
