framework,full_name
googlesamples,googlesamples/io2014-codelabs
googlesamples,googlesamples/android-play-publisher-api
googlesamples,googlesamples/identity-toolkit-java
googlesamples,googlesamples/androidtv-sample-inputs
googlesamples,googlesamples/android-AppUsageStatistics
googlesamples,googlesamples/android-PermissionRequest
googlesamples,googlesamples/android-testing-templates
googlesamples,googlesamples/android-play-games-in-motion
googlesamples,googlesamples/io2015-codelabs
googlesamples,googlesamples/google-services
googlesamples,googlesamples/android-testdpc
googlesamples,googlesamples/android-vision
googlesamples,googlesamples/easypermissions
googlesamples,googlesamples/android-play-safetynet
googlesamples,googlesamples/testloopmanager
googlesamples,googlesamples/android-TensorFlowCloudMachineLearningEngineStylizer
googlesamples,googlesamples/sceneform-samples
googlesamples,googlesamples/sceneform-poly-browser
googlesamples,googlesamples/identity-appflip-tester-android
googlesamples,googlesamples/identity-appflip-android
googlesamples,googlesamples/glass-enterprise-samples
googlesamples,googlesamples/mlkit
googlesamples,googlesamples/gboard-dev-samples
googlesamples,googlesamples/arcore-ml-sample
aws-samples,aws-samples/java-meme-generator-sample
aws-samples,aws-samples/aws-dynamodb-examples
aws-samples,aws-samples/aws-mobile-sample-wif
aws-samples,aws-samples/aws-java-sample
aws-samples,aws-samples/reinvent2013-mobile-photo-share
aws-samples,aws-samples/aws-big-data-blog
aws-samples,aws-samples/aws-mobile-self-paced-labs-samples
aws-samples,aws-samples/amazon-cognito-developer-authentication-sample
aws-samples,aws-samples/amazon-kinesis-learning
aws-samples,aws-samples/aws-device-farm-sample-app-for-android
aws-samples,aws-samples/aws-device-farm-appium-tests-for-sample-app
aws-samples,aws-samples/aws-codedeploy-sample-tomcat
aws-samples,aws-samples/aws-device-farm-sample-web-app-using-appium
aws-samples,aws-samples/eb-tomcat-snakes
aws-samples,aws-samples/aws-iotbot
aws-samples,aws-samples/aws-s3-artifact-manager-sample
aws-samples,aws-samples/lambda-java8-dynamodb
aws-samples,aws-samples/eb-java-scorekeep
aws-samples,aws-samples/mturk-code-samples
aws-samples,aws-samples/aws-photosharing-example
aws-samples,aws-samples/flink-stream-processing-refarch
aws-samples,aws-samples/amazon-ecs-java-microservices
aws-samples,aws-samples/serverless-codecommit-examples
aws-samples,aws-samples/aws-cognito-java-desktop-app
aws-samples,aws-samples/blog-multi-region-serverless-service
aws-samples,aws-samples/ecs-opentracing
aws-samples,aws-samples/reactive-refarch-cloudformation
aws-samples,aws-samples/amazon-cloud-directory-sample
aws-samples,aws-samples/emr-presto-query-event-listener
aws-samples,aws-samples/amazon-sumerian-arcore-starter-app
aws-samples,aws-samples/amazon-workmail-demo-ews-push-notifications
aws-samples,aws-samples/aws-amazonmq-apachecamel-sample
aws-samples,aws-samples/amazon-kinesis-socket-server-sample
aws-samples,aws-samples/emr-tls-security
aws-samples,aws-samples/kubernetes-for-java-developers
aws-samples,aws-samples/amazon-mq-workshop
aws-samples,aws-samples/aws-xray-apache-kafka-sample
aws-samples,aws-samples/aws-dms-cdc-sample
aws-samples,aws-samples/aws-sqlagentjob-to-stepfunctions
aws-samples,aws-samples/aws-device-farm-appium-cucumber-tests-for-sample-app
aws-samples,aws-samples/aws-sam-java-rest
aws-samples,aws-samples/aws-cloudhsm-jce-examples
aws-samples,aws-samples/realtime-bushfire-alert-with-apache-flink-cep
aws-samples,aws-samples/aws-lambda-sap-oauth
aws-samples,aws-samples/cloudwatch-agent-demo-custom-metrics
aws-samples,aws-samples/iot-reference-architectures
aws-samples,aws-samples/aws-blog-athena-custom-jdbc-credentials
aws-samples,aws-samples/aws-transcribe-streaming-example-java
aws-samples,aws-samples/reinvent-2018-social-news-app
aws-samples,aws-samples/aws-greengrass-lambda-functions
aws-samples,aws-samples/amazon-sqs-java-temporary-queues-client-samples
aws-samples,aws-samples/amazon-rds-data-api-demo
aws-samples,aws-samples/amazon-kinesis-replay
aws-samples,aws-samples/crud4dynamo
aws-samples,aws-samples/aws-cloudhsm-on-aws-lambda-sample
aws-samples,aws-samples/amazon-kinesis-analytics-taxi-consumer
aws-samples,aws-samples/alexa-web-information-service-api-samples
aws-samples,aws-samples/alexa-top-sites-api-samples
aws-samples,aws-samples/aws-service-catalog-terraform-reference-architecture
aws-samples,aws-samples/amazon-emr-optimize-data-processing
aws-samples,aws-samples/amazon-kinesis-data-analytics-java-examples
aws-samples,aws-samples/amazon-polly-mp3-for-microsoft-word
aws-samples,aws-samples/amazon-kinesis-data-analytics-flinktableapi
aws-samples,aws-samples/aws-saas-factory-postgresql-rls
aws-samples,aws-samples/amazon-kinesis-analytics-beam-taxi-consumer
aws-samples,aws-samples/amazon-mq-migration-from-ibm-mq
aws-samples,aws-samples/aws-codebuild-polyglot-application
aws-samples,aws-samples/amazon-qldb-dmv-sample-java
aws-samples,aws-samples/aws-kms-pq-tls-example
aws-samples,aws-samples/amazon-textract-searchable-pdf
aws-samples,aws-samples/amazon-comprehend-medical-fhir-integration
aws-samples,aws-samples/amazon-chime-voiceconnector-transcription
aws-samples,aws-samples/rds-breakglass-user-management
aws-samples,aws-samples/busy-engineers-document-bucket
aws-samples,aws-samples/amazon-dynamodb-implementing-priority-queuing
aws-samples,aws-samples/faster-cryptography-in-java-with-aws
aws-samples,aws-samples/aws-glue-data-catalog-replication-utility
aws-samples,aws-samples/amazon-eks-jenkins-terraform
aws-samples,aws-samples/aws-codecommit-pull-request-approver-demo
aws-samples,aws-samples/aws-lambda-java-oracle-starter-kit
aws-samples,aws-samples/designing-cloud-native-microservices-on-aws
aws-samples,aws-samples/aws-quarkus-demo
aws-samples,aws-samples/rds-ssl-update
aws-samples,aws-samples/amazon-qldb-double-entry-sample-java
aws-samples,aws-samples/aws-sdk-js-tests
aws-samples,aws-samples/amazon-athena-train-amazon-sagemaker
aws-samples,aws-samples/amazon-kinesis-analytics-streaming-etl
aws-samples,aws-samples/s3-select-phonebook-search
aws-samples,aws-samples/amazon-automated-forecast
aws-samples,aws-samples/diy-code-signing-kms-private-ca
aws-samples,aws-samples/aws-sigv4-auth-cassandra-java-driver-examples
aws-samples,aws-samples/aws-codeguru-profiler-demo-application
aws-samples,aws-samples/amazon-cloudwatch-monitor-for-sap-netweaver
aws-samples,aws-samples/amazon-msk-client-authentication
aws-samples,aws-samples/aws-trusted-advisor-co-aggregator
aws-samples,aws-samples/amazon-codeguru-reviewer-sample-app
aws-samples,aws-samples/aws-ingesting-click-logs-using-terraform
aws-samples,aws-samples/jsii-native-java
aws-samples,aws-samples/jsii-java-benchmarking
aws-samples,aws-samples/k8s-rbac-iam-java-operator
aws-samples,aws-samples/redshift-jdbc-plugin-for-siteminder
aws-samples,aws-samples/kda-metrics-dashboard
aws-samples,aws-samples/aws-dms-msk-demo
aws-samples,aws-samples/amazon-mq-fifo-starter-kit
aws-samples,aws-samples/amazon-kinesis-low-level-producer-sample
aws-samples,aws-samples/mirrormaker2-msk-migration
aws-samples,aws-samples/clickstream-consumer-for-apache-kafka
aws-samples,aws-samples/clickstream-producer-for-apache-kafka
aws-samples,aws-samples/aws-saas-factory-ref-solution-metrics-analytics
aws-samples,aws-samples/pix-proxy-samples
aws-samples,aws-samples/amazon-aurora-mysql-with-mariadb-jdbc-driver
aws-samples,aws-samples/amazon-unified-streaming-etl
aws-samples,aws-samples/bcs-disaster-recovery-portal-common
aws-samples,aws-samples/lambda-java-blockchain
aws-samples,aws-samples/aws-iot-proxy-mobile-app-android
aws-samples,aws-samples/aws-kms-jce
aws-samples,aws-samples/aws-expense-handling-workflow
aws-samples,aws-samples/iot-all-the-things-special-projects-edition
aws-samples,aws-samples/aws-saas-factory-dynamic-policy-generation
aws-samples,aws-samples/serverless-webapp-mono-repo-ci-cd-java
aws-samples,aws-samples/saas-tenant-isolation-architecture
aws-samples,aws-samples/amazon-kinesis-data-analytics-flink-starter-kit
aws-samples,aws-samples/integration-sample-lambda-msk
aws-samples,aws-samples/aws-transcribe-speaker-identification-java
aws-samples,aws-samples/k8s-cloudwatch-operator
aws-samples,aws-samples/amazon-kinesis-data-analytics-flink-benchmarking-utility
aws-samples,aws-samples/aws-lambda-servlet
aws-samples,aws-samples/amazon-chime-voice-connector-automated-reports
aws-samples,aws-samples/building-java-apps-using-code-pipeline
aws-samples,aws-samples/amazon-athena-serverless-ehms-connector
aws-samples,aws-samples/efo-ltr-flink-sample
aws-samples,aws-samples/machinelearning-amazonai-amazontranscribe
aws-samples,aws-samples/single-use-signed-url
aws-samples,aws-samples/aws-glue-table-versions-cleanup-utility
aws-samples,aws-samples/api-gateway-auth
aws-samples,aws-samples/amazon-resilient-fix-engine-demo
aws-samples,aws-samples/aws-appconfig-java-sample
aws-samples,aws-samples/comprehend-logging-redact
aws-samples,aws-samples/kinesis-data-analytics-flink-aurora-sink
aws-samples,aws-samples/integrate-amazon-connect-with-smart-on-fhir-backend-services
aws-samples,aws-samples/sasl-scram-secrets-manager-client-for-msk
aws-samples,aws-samples/aws-saas-factory-eks-reference-architecture
aws-samples,aws-samples/aws-cdk-constructs-for-java
aws-samples,aws-samples/cookiecutter-aws-sam-powertools-java
aws-samples,aws-samples/aws-saas-factory-billing-and-metering-reference-implementation
aws-samples,aws-samples/amazon-keyspaces-large-object-s3-demo
aws-samples,aws-samples/amazon-transcribe-email-workflow
aws-samples,aws-samples/amazon-managed-blockchain-client-provision-with-cdk-java
aws-samples,aws-samples/selling-partner-api-bootstrap
aws-samples,aws-samples/jasper-reports-with-lambda-rds
aws-samples,aws-samples/amazon-keyspaces-examples
aws-samples,aws-samples/amazon-connect-collect-feedback-via-phone-ivr
aws-samples,aws-samples/immutable-server-pipeline
aws-samples,aws-samples/private-link-cross-account-access-for-msk
aws-samples,aws-samples/amazon-kinesis-video-streams-media-screencast-android
aws-samples,aws-samples/amazon-lex-twilio-voice-integration
aws-samples,aws-samples/kinesis-data-analytics-apache-flink-async-io
aws-samples,aws-samples/amazon-ecs-and-aws-step-functions-design-patterns-starter-kit
aws-samples,aws-samples/aws-amplify-android-simple-app
aws-samples,aws-samples/amazon-codeguru-samples
aws-samples,aws-samples/aws-athena-udfs-textanalytics
aws-samples,aws-samples/amazon-textract-comprehend-stepfunctions-example
aws-samples,aws-samples/amazon-keyspaces-java-driver-helpers
aws-samples,aws-samples/cdk-lambda-packaging-java
aws-samples,aws-samples/amazon-s3-object-lambda-decompression
aws-samples,aws-samples/skiresort-example-dynamodb-aws-sdk-v1
aws-samples,aws-samples/amazon-msk-java-app-cdk
aws-samples,aws-samples/sub-minute-lambda-executor
aws-samples,aws-samples/amazon-elasticache-redis-and-memcached-java-client-examples
aws-samples,aws-samples/amazon-sqs-message-attributes-starter-kit
aws-samples,aws-samples/amazon-sagemaker-feature-store-in-java
aws-samples,aws-samples/build-and-deploy-docker-images-to-aws-using-ec2-image-builder
aws-samples,aws-samples/i-love-my-local-farmer
aws-samples,aws-samples/amazon-msk-with-apache-kafka-streams-api
aws-samples,aws-samples/aws-serverless-stack-to-parse-apache-orc-files
aws-samples,aws-samples/bcs-disaster-recovery-portal-server
aws-samples,aws-samples/bcs-cloud-endure-common
aws-samples,aws-samples/bcs-cloud-endure-service
aws-samples,aws-samples/bcs-cloud-formation
aws-samples,aws-samples/bcs-disaster-recovery-portal-formation
aws-samples,aws-samples/bcs-disaster-recovery-portal-s3
aws-samples,aws-samples/bcs-disaster-recovery-portal-lambda-base
aws-samples,aws-samples/bcs-disaster-recovery-portal-cloud-endure
aws-samples,aws-samples/bcs-disaster-recovery-portal-lambda
aws-samples,aws-samples/bcs-disaster-recovery-portal-vpc
aws-samples,aws-samples/bcs-disaster-recovery-portal-dynamodb
aws-samples,aws-samples/bcs-disaster-recovery-portal-dynamodb-stream
aws-samples,aws-samples/bcs-disaster-recovery-portal-mysql-dump
aws-samples,aws-samples/amazon-keyspaces-spring-app-example
aws-samples,aws-samples/ecs-windows-ci-cd-blue-green
aws-samples,aws-samples/aws-amplify-example-recipe-app-react-native
aws-samples,aws-samples/aws-iot-job-agent-android
aws-samples,aws-samples/s3-parallel-move-with-filtering
aws-samples,aws-samples/aws-apprunner-terraform
aws-samples,aws-samples/graceful-shutdown-with-aws-lambda
aws-samples,aws-samples/aws-cdk-codeartifact-pipeline-sample
aws-samples,aws-samples/amazon-kinesis-data-analytics-apache-flink-server-sent-events-sse
aws-samples,aws-samples/aws-lambda-powertools-examples
aws-samples,aws-samples/aws-lambda-java-tiered-compilation-example
aws-samples,aws-samples/multi-environment-chatops-bot-for-controltower
aws-samples,aws-samples/flink-clickstream-processor-msk
aws-samples,aws-samples/amazon-ecs-cicd-cdk
aws-samples,aws-samples/java-sample-app
aws-samples,aws-samples/aws-cloudformation-stack-instances
aws-samples,aws-samples/aws-fargate-server-sent-events-sse-amazon-kinesis-data-streams
aws-samples,aws-samples/aws-redshift-udfs-textanalytics
aws-samples,aws-samples/java-spring-boot-ecs-fargate-redis-caching
aws-samples,aws-samples/aws-organizations-account-resource
aws-samples,aws-samples/aws-concurrent-provisioned-product
aws-samples,aws-samples/exporting-tool-for-amazon-keyspaces
aws-samples,aws-samples/amazon-s3-object-lambda-default-configuration
aws-samples,aws-samples/java-crud-microservice-template
aws-samples,aws-samples/aws-kcl-java
aws-samples,aws-samples/sns-dynamic-subscribers
aws-samples,aws-samples/aws-msk-cross-account-glue-schema-registry
aws-samples,aws-samples/amazon-pinpoint-urlshortener
aws-samples,aws-samples/amazon-redshift-devops-blog
aws-samples,aws-samples/azure-eventhub-consumer-with-dynamodb
aws-samples,aws-samples/cost-optimized-flink-on-kubernetes
aws-samples,aws-samples/aws-blog-observability-platform
aws-samples,aws-samples/aws-ecs-springboot-opentelemetry-sample
aws-samples,aws-samples/aws-kinesis-data-streams-replicator
aws-samples,aws-samples/aws-glue-schema-registry-examples
aws-samples,aws-samples/serverless-graalvm-demo
aws-samples,aws-samples/aws-appconfig-with-quarkus
aws-samples,aws-samples/aws-mq-network-of-brokers
aws-samples,aws-samples/amazon-codeguru-reviewer-java-detectors
aws-samples,aws-samples/polly-translate-realtime-speech-translator
aws-samples,aws-samples/amazon-s3-access-points-for-cross-account-integration-samples
aws-samples,aws-samples/flink-industrial-anomaly-detector
aws-samples,aws-samples/aws-mqtt-wavelength-latency
aws-samples,aws-samples/aws-sns-subscription-cleaner
aws-samples,aws-samples/aws-big-data-blog-transactional-to-stateful-batch-processing
aws-samples,aws-samples/amazon-appflow-custom-jdbc-connector
Azure-Samples,Azure-Samples/active-directory-android
Azure-Samples,Azure-Samples/storage-blob-java-getting-started
Azure-Samples,Azure-Samples/storage-table-java-getting-started
Azure-Samples,Azure-Samples/storage-queue-java-getting-started
Azure-Samples,Azure-Samples/documentdb-java-todo-app
Azure-Samples,Azure-Samples/storage-file-java-getting-started
Azure-Samples,Azure-Samples/search-java-getting-started
Azure-Samples,Azure-Samples/active-directory-java-webapp-openidconnect
Azure-Samples,Azure-Samples/app-service-api-apps-quickstart-java
Azure-Samples,Azure-Samples/hdinsight-storm-azure-data-lake-store
Azure-Samples,Azure-Samples/hdinsight-java-storm-wordcount
Azure-Samples,Azure-Samples/hdinsight-java-hive-jdbc
Azure-Samples,Azure-Samples/hdinsight-java-storm-eventhub
Azure-Samples,Azure-Samples/active-directory-android-native-oidcandroidlib-v2
Azure-Samples,Azure-Samples/compute-java-manage-vm
Azure-Samples,Azure-Samples/storage-java-manage-storage-accounts
Azure-Samples,Azure-Samples/network-java-manage-network-security-group
Azure-Samples,Azure-Samples/compute-java-list-vm-images
Azure-Samples,Azure-Samples/resources-java-manage-resource-group
Azure-Samples,Azure-Samples/resources-java-deploy-using-arm-template-with-progress
Azure-Samples,Azure-Samples/compute-java-manage-availability-sets
Azure-Samples,Azure-Samples/network-java-manage-virtual-network
Azure-Samples,Azure-Samples/network-java-manage-ip-address
Azure-Samples,Azure-Samples/resources-java-manage-resource
Azure-Samples,Azure-Samples/network-java-manage-network-interface
Azure-Samples,Azure-Samples/resources-java-deploy-using-arm-template
Azure-Samples,Azure-Samples/hdinsight-java-deploy-storm-topology
Azure-Samples,Azure-Samples/hdinsight-java-hive-udf
Azure-Samples,Azure-Samples/hdinsight-storm-java-kafka
Azure-Samples,Azure-Samples/compute-java-manage-virtual-machines-in-parallel
Azure-Samples,Azure-Samples/batch-java-manage-batch-accounts
Azure-Samples,Azure-Samples/compute-java-manage-virtual-machine-using-vm-extensions
Azure-Samples,Azure-Samples/compute-java-manage-virtual-machines-with-network-in-parallel
Azure-Samples,Azure-Samples/network-java-manage-internet-facing-load-balancers
Azure-Samples,Azure-Samples/key-vault-java-manage-key-vaults
Azure-Samples,Azure-Samples/compute-java-manage-virtual-machine-scale-sets
Azure-Samples,Azure-Samples/network-java-manage-internal-load-balancers
Azure-Samples,Azure-Samples/compute-java-list-vm-extension-images
Azure-Samples,Azure-Samples/data-lake-store-java-upload-download-get-started
Azure-Samples,Azure-Samples/storage-blob-android-photo-uploader
Azure-Samples,Azure-Samples/event-hubs-java-storm-sender-jms-receiver
Azure-Samples,Azure-Samples/hdinsight-kafka-java-get-started
Azure-Samples,Azure-Samples/storage-java-client-side-encryption
Azure-Samples,Azure-Samples/app-service-java-manage-storage-connections-for-web-apps
Azure-Samples,Azure-Samples/sql-database-java-manage-sql-dbs-in-elastic-pool
Azure-Samples,Azure-Samples/sql-database-java-manage-firewalls-for-sql-databases
Azure-Samples,Azure-Samples/compute-java-create-virtual-machines-across-regions-in-parallel
Azure-Samples,Azure-Samples/sql-database-java-manage-sql-databases-across-regions
Azure-Samples,Azure-Samples/dns-java-host-and-manage-your-domains
Azure-Samples,Azure-Samples/redis-java-manage-cache
Azure-Samples,Azure-Samples/app-service-java-configure-deployment-sources-for-web-apps
Azure-Samples,Azure-Samples/sql-database-java-manage-db
Azure-Samples,Azure-Samples/app-service-java-manage-staging-and-production-slots-for-web-apps
Azure-Samples,Azure-Samples/traffic-manager-java-manage-profiles
Azure-Samples,Azure-Samples/app-service-java-manage-web-apps
Azure-Samples,Azure-Samples/application-gateway-java-manage-simple-application-gateways
Azure-Samples,Azure-Samples/application-gateway-java-manage-application-gateways
Azure-Samples,Azure-Samples/compute-java-create-virtual-machines-from-generalized-image-or-specialized-vhd
Azure-Samples,Azure-Samples/app-service-java-manage-data-connections-for-web-apps
Azure-Samples,Azure-Samples/cdn-java-manage-cdn
Azure-Samples,Azure-Samples/app-service-java-manage-web-apps-with-custom-domains
Azure-Samples,Azure-Samples/app-service-java-scale-web-apps
Azure-Samples,Azure-Samples/managed-disk-java-create-virtual-machine-using-custom-image
Azure-Samples,Azure-Samples/managed-disk-java-create-virtual-machine-using-custom-image-from-VHD
Azure-Samples,Azure-Samples/managed-disk-java-create-virtual-machine-using-specialized-disk-from-VHD
Azure-Samples,Azure-Samples/managed-disk-java-create-virtual-machine-using-specialized-disk-from-snapshot
Azure-Samples,Azure-Samples/managed-disk-java-convert-existing-virtual-machines-to-use-managed-disks
Azure-Samples,Azure-Samples/compute-java-manage-virtual-machine-with-unmanaged-disks
Azure-Samples,Azure-Samples/compute-java-manage-virtual-machine-scale-set-with-unmanaged-disks
Azure-Samples,Azure-Samples/resources-java-deploy-virtual-machine-with-managed-disks-using-arm-template
Azure-Samples,Azure-Samples/active-directory-b2c-android-native-appauth
Azure-Samples,Azure-Samples/azure-mobile-apps-android-quickstart
Azure-Samples,Azure-Samples/app-service-java-manage-web-apps-on-linux
Azure-Samples,Azure-Samples/app-service-java-manage-authentication-for-web-apps
Azure-Samples,Azure-Samples/app-service-java-manage-web-apps-on-linux-with-custom-domains
Azure-Samples,Azure-Samples/app-service-java-configure-deployment-sources-for-web-apps-on-linux
Azure-Samples,Azure-Samples/app-service-java-scale-web-apps-on-linux
Azure-Samples,Azure-Samples/app-service-java-manage-storage-connections-for-web-apps-on-linux
Azure-Samples,Azure-Samples/app-service-java-manage-data-connections-for-web-apps-on-linux
Azure-Samples,Azure-Samples/app-service-java-manage-functions
Azure-Samples,Azure-Samples/app-service-java-manage-functions-with-custom-domains
Azure-Samples,Azure-Samples/app-service-java-configure-deployment-sources-for-functions
Azure-Samples,Azure-Samples/app-service-java-manage-authentication-for-functions
Azure-Samples,Azure-Samples/compute-java-manage-vm-async
Azure-Samples,Azure-Samples/storage-java-manage-storage-accounts-async
Azure-Samples,Azure-Samples/compute-java-manage-virtual-machine-scale-sets-async
Azure-Samples,Azure-Samples/network-java-manage-virtual-network-async
Azure-Samples,Azure-Samples/app-service-java-configure-deployment-sources-for-web-apps-async
Azure-Samples,Azure-Samples/service-bus-java-manage-queue-with-basic-features
Azure-Samples,Azure-Samples/service-bus-java-manage-publish-subscribe-with-basic-features
Azure-Samples,Azure-Samples/service-bus-java-manage-with-claims-based-authorization
Azure-Samples,Azure-Samples/service-bus-java-manage-publish-subscribe-with-advanced-features
Azure-Samples,Azure-Samples/service-bus-java-manage-queue-with-advanced-features
Azure-Samples,Azure-Samples/ms-identity-android-native
Azure-Samples,Azure-Samples/active-directory-b2c-android-native-msal
Azure-Samples,Azure-Samples/azure-cosmos-db-graph-java-getting-started
Azure-Samples,Azure-Samples/azure-cosmos-db-mongodb-java-getting-started
Azure-Samples,Azure-Samples/hbase-phoenix-connection-pool
Azure-Samples,Azure-Samples/aad-java-manage-service-principals
Azure-Samples,Azure-Samples/aad-java-manage-passwords
Azure-Samples,Azure-Samples/acr-java-manage-azure-container-registry
Azure-Samples,Azure-Samples/app-service-maven
Azure-Samples,Azure-Samples/app-service-java-deploy-image-from-acr-to-linux
Azure-Samples,Azure-Samples/cosmosdb-java-create-documentdb-and-configure-for-high-availability
Azure-Samples,Azure-Samples/cosmosdb-java-create-documentdb-and-configure-for-eventual-consistency
Azure-Samples,Azure-Samples/cosmosdb-java-create-documentdb-and-get-mongodb-connection-string
Azure-Samples,Azure-Samples/cosmosdb-java-create-documentdb-and-configure-firewall
Azure-Samples,Azure-Samples/SpeechToText-REST
Azure-Samples,Azure-Samples/key-vault-java-certificate-authentication
Azure-Samples,Azure-Samples/cognitive-services-java-computer-vision-tutorial
Azure-Samples,Azure-Samples/aad-java-manage-resources-from-vm-with-msi
Azure-Samples,Azure-Samples/network-java-use-new-watcher
Azure-Samples,Azure-Samples/search-java-manage-search-service
Azure-Samples,Azure-Samples/network-java-create-simple-internet-facing-load-balancer
Azure-Samples,Azure-Samples/compute-java-manage-resources-from-vm-with-msi-in-aad-group
Azure-Samples,Azure-Samples/aad-java-manage-users-groups-and-roles
Azure-Samples,Azure-Samples/service-fabric-java-quickstart
Azure-Samples,Azure-Samples/compute-java-manage-vmss-in-availability-zones
Azure-Samples,Azure-Samples/compute-java-manage-vms-in-availability-zones
Azure-Samples,Azure-Samples/network-java-manage-network-peering
Azure-Samples,Azure-Samples/network-java-use-network-watcher-to-check-connectivity
Azure-Samples,Azure-Samples/network-java-manage-virtual-network-with-site-to-site-vpn-connection
Azure-Samples,Azure-Samples/network-java-manage-virtual-network-to-virtual-network-vpn-connection
Azure-Samples,Azure-Samples/aci-java-manage-container-instances-1
Azure-Samples,Azure-Samples/aci-java-manage-container-instances-2
Azure-Samples,Azure-Samples/aci-java-create-container-groups
Azure-Samples,Azure-Samples/azure-cosmos-db-cassandra-java-getting-started
Azure-Samples,Azure-Samples/storage-blobs-java-quickstart
Azure-Samples,Azure-Samples/acr-java-manage-azure-container-registry-with-webhooks
Azure-Samples,Azure-Samples/aks-java-deploy-image-from-acr-to-kubernetes
Azure-Samples,Azure-Samples/aks-java-manage-kubernetes-cluster
Azure-Samples,Azure-Samples/acs-java-manage-azure-container-service-with-kubernetes-orchestrator
Azure-Samples,Azure-Samples/acs-java-manage-azure-container-service-with-docker-swarm-orchestrator
Azure-Samples,Azure-Samples/acs-java-deploy-image-from-acr-to-acs-orchestrator
Azure-Samples,Azure-Samples/aci-java-scale-up-containers-using-acs
Azure-Samples,Azure-Samples/compute-java-manage-vm-from-vm-with-msi-credentials
Azure-Samples,Azure-Samples/cognitive-services-java-sdk-samples
Azure-Samples,Azure-Samples/cognitive-services-android-customvision-sample
Azure-Samples,Azure-Samples/locks-java-manage-locks
Azure-Samples,Azure-Samples/compute-java-create-vms-async-tracking-related-resources
Azure-Samples,Azure-Samples/network-java-manage-express-route
Azure-Samples,Azure-Samples/search-java-indexer-demo
Azure-Samples,Azure-Samples/key-vault-java-authentication
Azure-Samples,Azure-Samples/key-vault-java-recovery
Azure-Samples,Azure-Samples/compute-java-manage-user-assigned-msi-enabled-virtual-machine
Azure-Samples,Azure-Samples/compute-java-list-compute-skus
Azure-Samples,Azure-Samples/storage-java-manage-storage-account-network-rules
Azure-Samples,Azure-Samples/batchai-java-run-batchai-job
Azure-Samples,Azure-Samples/monitor-java-query-metrics-activitylogs
Azure-Samples,Azure-Samples/app-service-java-manage-logs-for-function-apps
Azure-Samples,Azure-Samples/app-service-java-access-key-vault-convenience-for-web-apps
Azure-Samples,Azure-Samples/app-service-java-access-key-vault-by-msi-for-web-apps
Azure-Samples,Azure-Samples/network-java-manage-vpn-client-connection
Azure-Samples,Azure-Samples/azure-sdk-for-java-storage-blob-upload-download
Azure-Samples,Azure-Samples/azure-cosmos-db-mongodb-java-geo-readpreference
Azure-Samples,Azure-Samples/azure-cosmos-db-mongodb-spring
Azure-Samples,Azure-Samples/java-docs-hello-world
Azure-Samples,Azure-Samples/eventhub-java-manage-event-hub-geo-disaster-recovery
Azure-Samples,Azure-Samples/sql-database-java-manage-recover-restore-db
Azure-Samples,Azure-Samples/sql-database-java-manage-import-export-db
Azure-Samples,Azure-Samples/eventhub-java-manage-event-hub
Azure-Samples,Azure-Samples/storage-java-ha-ra-grs
Azure-Samples,Azure-Samples/sql-database-java-get-sql-metrics
Azure-Samples,Azure-Samples/sql-database-java-manage-failover-groups
Azure-Samples,Azure-Samples/sql-database-java-manage-sql-secrets-in-key-vault
Azure-Samples,Azure-Samples/sql-database-java-manage-sql-server-dns-aliases
Azure-Samples,Azure-Samples/sql-database-java-manage-virtual-network-rules
Azure-Samples,Azure-Samples/eventhub-java-manage-event-hub-events
Azure-Samples,Azure-Samples/azure-iot-samples-java
Azure-Samples,Azure-Samples/key-vault-java-managed-storage
Azure-Samples,Azure-Samples/active-directory-b2c-android-appauth-ropc
Azure-Samples,Azure-Samples/key-vault-java-network-acl
Azure-Samples,Azure-Samples/event-grid-java-publish-consume-events
Azure-Samples,Azure-Samples/network-java-manage-express-route-cross-connection
Azure-Samples,Azure-Samples/cognitive-services-qnamaker-java
Azure-Samples,Azure-Samples/cognitive-services-face-android-detect
Azure-Samples,Azure-Samples/microprofile-hello-azure
Azure-Samples,Azure-Samples/microprofile-docker-helloworld
Azure-Samples,Azure-Samples/microprofile-configsource-keyvault
Azure-Samples,Azure-Samples/springboot-hello-azure
Azure-Samples,Azure-Samples/azure-cosmos-db-sql-java-multi-master
Azure-Samples,Azure-Samples/monitor-java-autoscale-based-on-performance
Azure-Samples,Azure-Samples/compute-java-manage-scale-set-user-assigned-msi-from-service-principal
Azure-Samples,Azure-Samples/monitor-java-metric-alerts-on-critical-performance
Azure-Samples,Azure-Samples/monitor-java-activitylog-alerts-on-security-breach-or-risk
Azure-Samples,Azure-Samples/Hybrid-resources-java-manage-resource-group
Azure-Samples,Azure-Samples/hybrid-storage-java-manage-storage-accounts
Azure-Samples,Azure-Samples/Hybrid-Java-Samples
Azure-Samples,Azure-Samples/iot-edge-sample-java
Azure-Samples,Azure-Samples/Hybrid-Compute-Java-Manage-VM-Certificate-Based-Auth
Azure-Samples,Azure-Samples/wildfly-petstore-quickstart
Azure-Samples,Azure-Samples/Hybrid-KeyVault-Java-Manage-Secrets-Certificate-Based-Auth
Azure-Samples,Azure-Samples/bootiful-azure
Azure-Samples,Azure-Samples/Hybrid-Compute-Java-Create-VM-From-Custom-Image
Azure-Samples,Azure-Samples/spring-data-jpa-on-azure
Azure-Samples,Azure-Samples/spring-data-jdbc-on-azure
Azure-Samples,Azure-Samples/spring-data-cassandra-on-azure
Azure-Samples,Azure-Samples/storage-java-V10-ha-ra-grs
Azure-Samples,Azure-Samples/twitter-databricks-analyzer-cicd
Azure-Samples,Azure-Samples/migrate-java-ee-app-to-azure-2
Azure-Samples,Azure-Samples/kusto-high-scale-ingestion
Azure-Samples,Azure-Samples/hdinsight-java-sdk-samples
Azure-Samples,Azure-Samples/azure-search-java-samples
Azure-Samples,Azure-Samples/java-on-app-service
Azure-Samples,Azure-Samples/media-services-v3-java
Azure-Samples,Azure-Samples/cognitive-services-personalizer-samples
Azure-Samples,Azure-Samples/ms-identity-java-webapp
Azure-Samples,Azure-Samples/azure-iot-edge-devops-sample-java
Azure-Samples,Azure-Samples/hello-spring-function-azure
Azure-Samples,Azure-Samples/ms-identity-android-java
Azure-Samples,Azure-Samples/functions-java-push-static-contents-to-cdn
Azure-Samples,Azure-Samples/azure-cosmosdb-bulkingestion
Azure-Samples,Azure-Samples/azure-cosmosdb-jsonldconversion
Azure-Samples,Azure-Samples/cosmosdb-java-as-cache-for-apache-camel
Azure-Samples,Azure-Samples/spring-jms-service-bus
Azure-Samples,Azure-Samples/azure-cosmosdb-cassandra-counters
Azure-Samples,Azure-Samples/azure-springboot-cosmosdb-cassandra-counter
Azure-Samples,Azure-Samples/azure-cosmosdb-java-pagination
Azure-Samples,Azure-Samples/azure-springaop-appconfig
Azure-Samples,Azure-Samples/azure-cosmosdb-springboot-pagination
Azure-Samples,Azure-Samples/app-service-java-cosmosdb-mongodb-apis
Azure-Samples,Azure-Samples/Azure-Spring-Cloud-Samples
Azure-Samples,Azure-Samples/piggymetrics
Azure-Samples,Azure-Samples/azure-cosmos-java-getting-started
Azure-Samples,Azure-Samples/ms-identity-java-webapi
Azure-Samples,Azure-Samples/ms-identity-java-desktop
Azure-Samples,Azure-Samples/java-functions-eventhub-cosmosdb
Azure-Samples,Azure-Samples/java-on-aks
Azure-Samples,Azure-Samples/resources-java-deploy-using-arm-template-async
Azure-Samples,Azure-Samples/resources-java-deploy-using-arm-template-with-deployment-operations
Azure-Samples,Azure-Samples/resources-java-web-server-with-delegated-credentials
Azure-Samples,Azure-Samples/cosmosdb-java-create-cosmosdb-and-configure-for-high-availability
Azure-Samples,Azure-Samples/cosmosdb-java-create-cosmosdb-and-configure-for-eventual-consistency
Azure-Samples,Azure-Samples/cosmosdb-java-create-cosmosdb-and-configure-firewall
Azure-Samples,Azure-Samples/cosmosdb-java-create-cosmosdb-and-get-mongodb-connection-string
Azure-Samples,Azure-Samples/cosmosdb-java-create-cosmosdb-table-with-virtual-network-rule
Azure-Samples,Azure-Samples/traffic-manager-java-manage-simple-profiles
Azure-Samples,Azure-Samples/resources-java-deploy-using-arm-template-with-tags
Azure-Samples,Azure-Samples/sql-database-java-manage-sql-server-security-alert-policy
Azure-Samples,Azure-Samples/app-service-java-access-key-vault-convenience-for-web-apps-on-linux
Azure-Samples,Azure-Samples/app-service-java-manage-logs-for-web-apps
Azure-Samples,Azure-Samples/aad-java-manage-service-principal-credentials
Azure-Samples,Azure-Samples/aks-java-manage-kubernetes-cluster-with-advanced-networking
Azure-Samples,Azure-Samples/compute-java-manage-managed-disks
Azure-Samples,Azure-Samples/compute-java-manage-virtual-machine-with-disks
Azure-Samples,Azure-Samples/app-service-java-configure-deployment-sources-for-functions-on-linux
Azure-Samples,Azure-Samples/couchbaseTocosmosdb
Azure-Samples,Azure-Samples/functions-docs-java
Azure-Samples,Azure-Samples/azure-cosmos-cassandra-extensions-java-sample
Azure-Samples,Azure-Samples/java-spring-petclinic
Azure-Samples,Azure-Samples/azure-functions-samples-java
Azure-Samples,Azure-Samples/Java-application-petstore-ee7
Azure-Samples,Azure-Samples/azure-cosmos-java-sql-api-samples
Azure-Samples,Azure-Samples/functions-quickstarts-java
Azure-Samples,Azure-Samples/azure-cosmos-java-sql-app-example
Azure-Samples,Azure-Samples/keda-eventhub-kafka-scaler-terraform
Azure-Samples,Azure-Samples/azure-cosmos-cassandra-extensions-java-sample-v4
Azure-Samples,Azure-Samples/cosmos-changefeed-cassandra-java
Azure-Samples,Azure-Samples/azure-cosmos-java-sql-api-todo-app
Azure-Samples,Azure-Samples/azure-cosmos-db-mongodb-java-changestream
Azure-Samples,Azure-Samples/azure-iot-central-arm-sdk-samples
Azure-Samples,Azure-Samples/azure-cosmos-db-cassandra-java-getting-started-v4
Azure-Samples,Azure-Samples/spring-petclinic-microservices
Azure-Samples,Azure-Samples/brewdis
Azure-Samples,Azure-Samples/azure-cosmos-db-spring-nonblocking
Azure-Samples,Azure-Samples/spring-vs-async-benchmark
Azure-Samples,Azure-Samples/liberty-aad-oidc
Azure-Samples,Azure-Samples/open-liberty-on-aro
Azure-Samples,Azure-Samples/quickstart-spring-data-jdbc-mysql
Azure-Samples,Azure-Samples/quickstart-spring-data-jdbc-postgresql
Azure-Samples,Azure-Samples/quickstart-spring-data-jdbc-sql-server
Azure-Samples,Azure-Samples/quickstart-spring-data-jpa-mysql
Azure-Samples,Azure-Samples/quickstart-spring-data-jpa-postgresql
Azure-Samples,Azure-Samples/quickstart-spring-data-jpa-sql-server
Azure-Samples,Azure-Samples/quickstart-spring-data-r2dbc-mysql
Azure-Samples,Azure-Samples/quickstart-spring-data-r2dbc-postgresql
Azure-Samples,Azure-Samples/quickstart-spring-data-r2dbc-sql-server
Azure-Samples,Azure-Samples/hdinsight-enterprise-security
Azure-Samples,Azure-Samples/netappfiles-java-sdk-sample
Azure-Samples,Azure-Samples/HWC-Cluster-Creator-Tool
Azure-Samples,Azure-Samples/pet-clinic-jar
Azure-Samples,Azure-Samples/pet-clinic-war
Azure-Samples,Azure-Samples/app-service-netflix-eureka-windows
Azure-Samples,Azure-Samples/app-service-netflix-eureka-linux
Azure-Samples,Azure-Samples/azure-spring-data-cosmos-java-sql-api-samples
Azure-Samples,Azure-Samples/azure-spring-data-cosmos-java-sql-api-getting-started
Azure-Samples,Azure-Samples/mipsdk-filesdk-java-sample
Azure-Samples,Azure-Samples/azure-cosmos-java-sql-mslearn
Azure-Samples,Azure-Samples/ms-identity-b2c-java-servlet-webapp-authentication
Azure-Samples,Azure-Samples/azure-data-explorer-java-sdk-ingest
Azure-Samples,Azure-Samples/communication-services-android-quickstarts
Azure-Samples,Azure-Samples/spring-data-cosmosdb-e2e-sample
Azure-Samples,Azure-Samples/netappfiles-java-crr-sdk-sample
Azure-Samples,Azure-Samples/netappfiles-java-smb-sdk-sample
Azure-Samples,Azure-Samples/spring-boot-secure-communications-using-end-to-end-tls-ssl
Azure-Samples,Azure-Samples/jboss-on-app-service-jms
Azure-Samples,Azure-Samples/netappfiles-java-snapshot-policy-sdk-sample
Azure-Samples,Azure-Samples/AzureSqlGettingStartedSamples
Azure-Samples,Azure-Samples/netappfiles-java-pool-change-sdk-sample
Azure-Samples,Azure-Samples/netappfiles-java-dual-protocol-sdk-sample
Azure-Samples,Azure-Samples/ms-identity-java-servlet-webapp-authentication
Azure-Samples,Azure-Samples/migrate-javaee-app-to-azure-training
Azure-Samples,Azure-Samples/open-liberty-on-aks
Azure-Samples,Azure-Samples/java-on-azure-examples
Azure-Samples,Azure-Samples/payara-on-aks
Azure-Samples,Azure-Samples/mysql-kafka-redis-integration
Azure-Samples,Azure-Samples/communication-services-android-calling-hero
Azure-Samples,Azure-Samples/communication-services-java-quickstarts
Azure-Samples,Azure-Samples/cassandra-proxy
Azure-Samples,Azure-Samples/azure-cosmos-cassandra-extensions-java-spring-boot-sample-v4
Azure-Samples,Azure-Samples/applicationinsights-java-profiler-demo
Azure-Samples,Azure-Samples/spring-data-cassandra-on-azure-extension-v3
Azure-Samples,Azure-Samples/spring-data-cassandra-on-azure-extension-v4
Azure-Samples,Azure-Samples/workshop-migrate-jboss-on-app-service
Azure-Samples,Azure-Samples/active-directory-verifiable-credentials-java
Azure-Samples,Azure-Samples/spring-security-authn-and-authz-with-azure-active-directory
Azure-Samples,Azure-Samples/cosmosdb-java-devcontainers-demo
Azure-Samples,Azure-Samples/cosmosdb-cassandra-changefeed-processor
Azure-Samples,Azure-Samples/cosmosdb-springboot-aks
Azure-Samples,Azure-Samples/manage-secrets-in-java-applications
Azure-Samples,Azure-Samples/serviceconnector-springcloud-mysql-springboot
Azure-Samples,Azure-Samples/serviceconnector-springcloud-confluent-springboot
Azure-Samples,Azure-Samples/tutorial-springboot-mysql-aks
Azure-Samples,Azure-Samples/ms-identity-docs-code-java
Azure-Samples,Azure-Samples/serviceconnector-webapp-keyvault-java
Azure-Samples,Azure-Samples/jboss-on-aro-jakartaee
Azure-Samples,Azure-Samples/app-platform-java-manage-spring-cloud
Azure-Samples,Azure-Samples/cdn-java-manage-cdn-with-custom-domain
Azure-Samples,Azure-Samples/private-dns-java-manage-private-dns
Azure-Samples,Azure-Samples/network-java-manage-private-link
Azure-Samples,Azure-Samples/storage-java-manage-storage-accounts-customer-managed-key
Azure-Samples,Azure-Samples/cosmosdb-read-many-items-java
Azure-Samples,Azure-Samples/containerize-and-deploy-Java-app-to-Azure
spring-guides,spring-guides/gs-rest-service
spring-guides,spring-guides/gs-scheduling-tasks
spring-guides,spring-guides/gs-consuming-rest
spring-guides,spring-guides/gs-gradle
spring-guides,spring-guides/gs-maven
spring-guides,spring-guides/gs-relational-data-access
spring-guides,spring-guides/gs-uploading-files
spring-guides,spring-guides/gs-authenticating-ldap
spring-guides,spring-guides/gs-messaging-redis
spring-guides,spring-guides/gs-messaging-rabbitmq
spring-guides,spring-guides/gs-accessing-data-neo4j
spring-guides,spring-guides/gs-validating-form-input
spring-guides,spring-guides/gs-actuator-service
spring-guides,spring-guides/gs-messaging-jms
spring-guides,spring-guides/gs-batch-processing
spring-guides,spring-guides/gs-securing-web
spring-guides,spring-guides/gs-rest-hateoas
spring-guides,spring-guides/gs-accessing-data-gemfire
spring-guides,spring-guides/gs-integration
spring-guides,spring-guides/gs-caching-gemfire
spring-guides,spring-guides/gs-managing-transactions
spring-guides,spring-guides/gs-accessing-data-jpa
spring-guides,spring-guides/gs-accessing-data-mongodb
spring-guides,spring-guides/gs-serving-web-content
spring-guides,spring-guides/gs-async-method
spring-guides,spring-guides/gs-handling-form-submission
spring-guides,spring-guides/gs-spring-boot
spring-guides,spring-guides/gs-messaging-stomp-websocket
spring-guides,spring-guides/getting-started-guides
spring-guides,spring-guides/gs-rest-service-cors
spring-guides,spring-guides/gs-consuming-web-service
spring-guides,spring-guides/gs-accessing-data-rest
spring-guides,spring-guides/gs-accessing-neo4j-data-rest
spring-guides,spring-guides/gs-accessing-mongodb-data-rest
spring-guides,spring-guides/gs-accessing-gemfire-data-rest
spring-guides,spring-guides/gs-producing-web-service
spring-guides,spring-guides/gs-caching
spring-guides,spring-guides/quoters
spring-guides,spring-guides/tut-rest
spring-guides,spring-guides/gs-spring-boot-docker
spring-guides,spring-guides/gs-crud-with-vaadin
spring-guides,spring-guides/tut-spring-boot-oauth2
spring-guides,spring-guides/gs-service-registration-and-discovery
spring-guides,spring-guides/gs-centralized-configuration
spring-guides,spring-guides/gs-routing-and-filtering
spring-guides,spring-guides/gs-testing-web
spring-guides,spring-guides/gs-accessing-data-mysql
spring-guides,spring-guides/gs-multi-module
spring-guides,spring-guides/gs-testing-restdocs
spring-guides,spring-guides/gs-messaging-gcp-pubsub
spring-guides,spring-guides/gs-reactive-rest-service
spring-guides,spring-guides/gs-contract-rest
spring-guides,spring-guides/gs-accessing-vault
spring-guides,spring-guides/gs-vault-config
spring-guides,spring-guides/gs-spring-data-reactive-redis
spring-guides,spring-guides/gs-spring-boot-for-azure
spring-guides,spring-guides/gs-gateway
spring-guides,spring-guides/gs-spring-cloud-loadbalancer
spring-guides,spring-guides/gs-spring-boot-kubernetes
spring-guides,spring-guides/gs-accessing-data-r2dbc
spring-guides,spring-guides/gs-cloud-circuit-breaker
spring-guides,spring-guides/top-spring-on-kubernetes
spring-guides,spring-guides/gs-tanzu-observability
spring-guides,spring-guides/tut-metrics-and-tracing
spring-guides,spring-guides/gs-accessing-data-cassandra
spring-cloud-samples,spring-cloud-samples/configserver
spring-cloud-samples,spring-cloud-samples/eureka
spring-cloud-samples,spring-cloud-samples/customers-stores
spring-cloud-samples,spring-cloud-samples/hystrix-dashboard
spring-cloud-samples,spring-cloud-samples/turbine
spring-cloud-samples,spring-cloud-samples/locks
spring-cloud-samples,spring-cloud-samples/processor
spring-cloud-samples,spring-cloud-samples/aws-refapp
spring-cloud-samples,spring-cloud-samples/authserver
spring-cloud-samples,spring-cloud-samples/sso
spring-cloud-samples,spring-cloud-samples/zuul-server
spring-cloud-samples,spring-cloud-samples/feign-eureka
spring-cloud-samples,spring-cloud-samples/svn-config-server
spring-cloud-samples,spring-cloud-samples/springbox-cloud
spring-cloud-samples,spring-cloud-samples/fortune-teller
spring-cloud-samples,spring-cloud-samples/brewery
spring-cloud-samples,spring-cloud-samples/spring-cloud-atlas-sample
spring-cloud-samples,spring-cloud-samples/zero-downtime-deployment
spring-cloud-samples,spring-cloud-samples/github-eureka
spring-cloud-samples,spring-cloud-samples/github-analytics
spring-cloud-samples,spring-cloud-samples/github-analytics-stub-runner-boot
spring-cloud-samples,spring-cloud-samples/spring-cloud-contract-samples
spring-cloud-samples,spring-cloud-samples/stub-runner-boot
spring-cloud-samples,spring-cloud-samples/sample-zuul-filters
spring-cloud-samples,spring-cloud-samples/github-analytics-stub-runner-boot-no-eureka
spring-cloud-samples,spring-cloud-samples/github-analytics-stub-runner-boot-no-eureka-classpath-stubs
spring-cloud-samples,spring-cloud-samples/github-analytics-stub-runner-boot-classpath-stubs
spring-cloud-samples,spring-cloud-samples/github-analytics-stub-runner-boot-classpath-stubs-kubernetes
spring-cloud-samples,spring-cloud-samples/github-analytics-kubernetes
spring-cloud-samples,spring-cloud-samples/spring-cloud-gateway-sample
spring-cloud-samples,spring-cloud-samples/cloudfoundry-stub-runner-boot
spring-cloud-samples,spring-cloud-samples/bookstore-service-broker
spring-cloud-samples,spring-cloud-samples/spring-cloud-contract-nodejs-external-contracts
spring-cloud-samples,spring-cloud-samples/messaging-application
spring-cloud-samples,spring-cloud-samples/sleuth-issues
spring-cloud-samples,spring-cloud-samples/sc-contract-car-rental
spring-cloud-samples,spring-cloud-samples/the-legacy-app
spring-cloud-samples,spring-cloud-samples/spring-cloud-config-vault
spring-cloud-samples,spring-cloud-samples/scdf-for-pcf-samples
spring-cloud-samples,spring-cloud-samples/sample-gateway-oauth2login
spring-cloud-samples,spring-cloud-samples/spring-cloud-circuitbreaker-demo
spring-cloud-samples,spring-cloud-samples/spring-cloud-app-broker-samples
spring-cloud-samples,spring-cloud-samples/spring-cloud-intro-demo
spring-cloud-samples,spring-cloud-samples/spring-cloud-sleuth-samples
spring-cloud-samples,spring-cloud-samples/spring-cloud-square-retrofit-web
spring-cloud-samples,spring-cloud-samples/spring-cloud-square-retrofit-webclient
googlearchive,googlearchive/bigquery-samples-java
googlearchive,googlearchive/appengine-gwtguestbook-namespaces-java
googlearchive,googlearchive/firebase-token-generator-java
googlearchive,googlearchive/gplus-quickstart-java
googlearchive,googlearchive/hellomap-android
googlearchive,googlearchive/crc32c-java
googlearchive,googlearchive/solutions-mobile-backend-starter-java
googlearchive,googlearchive/appengine-angular-guestbook-java
googlearchive,googlearchive/gplus-verifytoken-java
googlearchive,googlearchive/drive-appdatapreferences-android
googlearchive,googlearchive/drive-appdatapreferences-android-quickstart
googlearchive,googlearchive/solutions-mobile-shopping-assistant-backend-java
googlearchive,googlearchive/solutions-mobile-shopping-assistant-android-client
googlearchive,googlearchive/drivemarks
googlearchive,googlearchive/AndroidDrawing
googlearchive,googlearchive/AndroidChat
googlearchive,googlearchive/drive-crossclientoauth2-android
googlearchive,googlearchive/compute-getting-started-android
googlearchive,googlearchive/appengine-endpoints-helloendpoints-android
googlearchive,googlearchive/gplus-domains-quickstart-java
googlearchive,googlearchive/instantbuy-quickstart-java
googlearchive,googlearchive/instantbuy-sample-xyz-java
googlearchive,googlearchive/gplus-haiku-client-android
googlearchive,googlearchive/chromium-webview-samples
googlearchive,googlearchive/drive-android-quickeditor
googlearchive,googlearchive/compute-getting-started-java
googlearchive,googlearchive/drive-android-quickstart
googlearchive,googlearchive/firebase-simple-login-java
googlearchive,googlearchive/appengine-java-guestbook-multiphase
googlearchive,googlearchive/cloud-pubsub-samples-java
googlearchive,googlearchive/android-BasicManagedProfile
googlearchive,googlearchive/android-Camera2Basic
googlearchive,googlearchive/android-Camera2Video
googlearchive,googlearchive/android-ElevationBasic
googlearchive,googlearchive/android-ElevationDrag
googlearchive,googlearchive/android-ClippingBasic
googlearchive,googlearchive/androidtv-GameController
googlearchive,googlearchive/androidtv-VisualGameController
googlearchive,googlearchive/android-JobScheduler
googlearchive,googlearchive/android-NavigationDrawer
googlearchive,googlearchive/androidtv-Leanback
googlearchive,googlearchive/identity-toolkit-android
googlearchive,googlearchive/tango-examples-java
googlearchive,googlearchive/appengine-java-vm-guestbook-extras
googlearchive,googlearchive/android-fit
googlearchive,googlearchive/firebase-login-demo-android
googlearchive,googlearchive/android-FloatingActionButtonBasic
googlearchive,googlearchive/android-PdfRendererBasic
googlearchive,googlearchive/android-ActionBarCompat-Basic
googlearchive,googlearchive/android-ActionBarCompat-ListPopupMenu
googlearchive,googlearchive/android-ActionBarCompat-ShareActionProvider
googlearchive,googlearchive/android-ActionBarCompat-Styled
googlearchive,googlearchive/android-ActivityInstrumentation
googlearchive,googlearchive/android-AdvancedImmersiveMode
googlearchive,googlearchive/android-AppRestrictions
googlearchive,googlearchive/android-BasicAccessibility
googlearchive,googlearchive/android-BasicAndroidKeyStore
googlearchive,googlearchive/android-BasicContactables
googlearchive,googlearchive/android-BasicGestureDetect
googlearchive,googlearchive/android-BasicImmersiveMode
googlearchive,googlearchive/android-BasicMediaDecoder
googlearchive,googlearchive/android-BasicMediaRouter
googlearchive,googlearchive/android-BasicMultitouch
googlearchive,googlearchive/android-BasicNetworking
googlearchive,googlearchive/android-BasicNotifications
googlearchive,googlearchive/android-BasicSyncAdapter
googlearchive,googlearchive/android-BatchStepSensor
googlearchive,googlearchive/android-BluetoothLeGatt
googlearchive,googlearchive/android-BorderlessButtons
googlearchive,googlearchive/android-CardEmulation
googlearchive,googlearchive/android-CardReader
googlearchive,googlearchive/android-CustomChoiceList
googlearchive,googlearchive/android-CustomNotifications
googlearchive,googlearchive/android-DisplayingBitmaps
googlearchive,googlearchive/android-DoneBar
googlearchive,googlearchive/android-HorizontalPaging
googlearchive,googlearchive/android-ImmersiveMode
googlearchive,googlearchive/android-MediaRecorder
googlearchive,googlearchive/android-MediaRouter
googlearchive,googlearchive/android-NetworkConnect
googlearchive,googlearchive/android-RepeatingAlarm
googlearchive,googlearchive/android-SlidingTabsBasic
googlearchive,googlearchive/android-SlidingTabsColors
googlearchive,googlearchive/android-StorageClient
googlearchive,googlearchive/android-StorageProvider
googlearchive,googlearchive/android-SwipeRefreshLayoutBasic
googlearchive,googlearchive/android-SwipeRefreshListFragment
googlearchive,googlearchive/android-SwipeRefreshMultipleViews
googlearchive,googlearchive/android-TextLinkify
googlearchive,googlearchive/android-TextSwitcher
googlearchive,googlearchive/Abelana-Android
googlearchive,googlearchive/android-google-accounts
googlearchive,googlearchive/android-BluetoothChat
googlearchive,googlearchive/android-MediaEffects
googlearchive,googlearchive/android-SynchronizedNotifications
googlearchive,googlearchive/android-CardView
googlearchive,googlearchive/android-DrawableTinting
googlearchive,googlearchive/android-LNotifications
googlearchive,googlearchive/android-RecyclerView
googlearchive,googlearchive/drive-android-conflict
googlearchive,googlearchive/android-AppRestrictionEnforcer
googlearchive,googlearchive/android-AppRestrictionSchema
googlearchive,googlearchive/android-DocumentCentricApps
googlearchive,googlearchive/android-DocumentCentricRelinquishIdentity
googlearchive,googlearchive/android-HdrViewfinder
googlearchive,googlearchive/android-DelayedConfirmation
googlearchive,googlearchive/android-ElizaChat
googlearchive,googlearchive/android-FindMyPhone
googlearchive,googlearchive/android-Flashlight
googlearchive,googlearchive/android-Geofencing
googlearchive,googlearchive/android-GridViewPager
googlearchive,googlearchive/android-Quiz
googlearchive,googlearchive/android-RecipeAssistant
googlearchive,googlearchive/android-SkeletonWearableApp
googlearchive,googlearchive/android-Timer
googlearchive,googlearchive/android-WatchViewStub
googlearchive,googlearchive/android-MessagingService
googlearchive,googlearchive/android-MediaBrowserService
googlearchive,googlearchive/android-DirectorySelection
googlearchive,googlearchive/android-ScreenCapture
googlearchive,googlearchive/bigquery-samples-python
googlearchive,googlearchive/android-nearby
googlearchive,googlearchive/MobileShoppingAssistant-sample
googlearchive,googlearchive/android-codelab-watchface
googlearchive,googlearchive/android-ads
googlearchive,googlearchive/drive-android-trash
googlearchive,googlearchive/android-play-places
googlearchive,googlearchive/attendee-checkin
googlearchive,googlearchive/android-BeamLargeFiles
googlearchive,googlearchive/android-DeviceOwner
googlearchive,googlearchive/android-NfcProvisioning
googlearchive,googlearchive/caja
googlearchive,googlearchive/androidtv-daydream
googlearchive,googlearchive/android-BluetoothAdvertisements
googlearchive,googlearchive/friendlyping
googlearchive,googlearchive/android-credentials
googlearchive,googlearchive/androidpay-quickstart
googlearchive,googlearchive/android-FingerprintDialog
googlearchive,googlearchive/android-ConfirmCredential
googlearchive,googlearchive/android-RuntimePermissions
googlearchive,googlearchive/android-AutoBackupForApps
googlearchive,googlearchive/android-ActiveNotifications
googlearchive,googlearchive/android-Camera2Raw
googlearchive,googlearchive/surveys
googlearchive,googlearchive/abelana
googlearchive,googlearchive/easygoogle
googlearchive,googlearchive/android-DirectShare
googlearchive,googlearchive/android-MidiScope
googlearchive,googlearchive/android-MidiSynth
googlearchive,googlearchive/cloud-debugger-gce-java-sample
googlearchive,googlearchive/android-AsymmetricFingerprintDialog
googlearchive,googlearchive/android-WearCompanionLibrary
googlearchive,googlearchive/android-WclDemoSample
googlearchive,googlearchive/custom-tabs-provider
googlearchive,googlearchive/intellij-protocol-buffer-editor-old
googlearchive,googlearchive/android-gcmnetworkmanager
googlearchive,googlearchive/android-ui-toolkit-demos
googlearchive,googlearchive/android-MultiWindowPlayground
googlearchive,googlearchive/android-DirectBoot
googlearchive,googlearchive/android-ScopedDirectoryAccess
googlearchive,googlearchive/two-token-sw
googlearchive,googlearchive/leanback-showcase
googlearchive,googlearchive/firebase-jobdispatcher-android
googlearchive,googlearchive/android-play-awareness
googlearchive,googlearchive/science-journal
googlearchive,googlearchive/apps-script-mobile-addons
googlearchive,googlearchive/tiger
googlearchive,googlearchive/android-AccelerometerPlay
googlearchive,googlearchive/play-apk-expansion
googlearchive,googlearchive/android-Notifications
googlearchive,googlearchive/android-AppShortcuts
googlearchive,googlearchive/android-CommitContentSampleIME
googlearchive,googlearchive/android-CommitContentSampleApp
googlearchive,googlearchive/android-DragAndDropAcrossApps
googlearchive,googlearchive/android-ShareActionProvider
googlearchive,googlearchive/android-ConstraintLayoutExamples
googlearchive,googlearchive/android-ContentProviderPaging
googlearchive,googlearchive/android-PictureInPicture
googlearchive,googlearchive/android-AutofillFramework
googlearchive,googlearchive/android-NotificationChannels
googlearchive,googlearchive/digits-migration-helper-android
googlearchive,googlearchive/android-instant-apps
googlearchive,googlearchive/android-EmojiCompat
googlearchive,googlearchive/android-DownloadableFonts
googlearchive,googlearchive/android-topeka
googlearchive,googlearchive/friendlypix-android
googlearchive,googlearchive/android-fido
googlearchive,googlearchive/android-SimpleMediaPlayer
googlearchive,googlearchive/account-transfer-api
googlearchive,googlearchive/leanback-assistant
googlearchive,googlearchive/leanback-homescreen-channels
googlearchive,googlearchive/chromeos-android-draganddrop-demo
googlearchive,googlearchive/cannonball-android
googlearchive,googlearchive/android-WifiRttScan
googlearchive,googlearchive/android-SharingShortcuts
googlearchive,googlearchive/android-DarkTheme
